2026-03-13T14:02:30.483+08:00  WARN 16064 --- [main] c.a.nacos.client.logging.NacosLogging    : Load Logback Configuration of Nacos fail, message: Could not initialize Logback Nacos logging from classpath:nacos-logback.xml
2026-03-13T14:02:30.569+08:00  WARN 16064 --- [main] c.a.nacos.client.logging.NacosLogging    : Load Logback Configuration of Nacos fail, message: Could not initialize Logback Nacos logging from classpath:nacos-logback.xml
2026-03-13T14:02:30.582+08:00  INFO 16064 --- [main] com.seckill.gateway.GatewayApplication   : Starting GatewayApplication using Java 24.0.1 with PID 16064 (D:\work\Seckill\backend\SK-gateway\target\classes started by L2326 in D:\work\Seckill\backend)
2026-03-13T14:02:30.584+08:00  INFO 16064 --- [main] com.seckill.gateway.GatewayApplication   : The following 1 profile is active: "stage1"
2026-03-13T14:02:31.564+08:00  WARN 16064 --- [main] ConfigServletWebServerApplicationContext : Exception encountered during context initialization - cancelling refresh attempt: org.springframework.beans.factory.support.BeanDefinitionOverrideException: Invalid bean definition with name 'gatewayProperties' defined in class path resource [org/springframework/cloud/gateway/config/GatewayAutoConfiguration.class]: Cannot register bean definition [Root bean: class [null]; scope=; abstract=false; lazyInit=null; autowireMode=3; dependencyCheck=0; autowireCandidate=true; primary=false; factoryBeanName=org.springframework.cloud.gateway.config.GatewayAutoConfiguration; factoryMethodName=gatewayProperties; initMethodNames=null; destroyMethodNames=[(inferred)]; defined in class path resource [org/springframework/cloud/gateway/config/GatewayAutoConfiguration.class]] for bean 'gatewayProperties' since there is already [Generic bean: class [com.seckill.gateway.config.GatewayProperties]; scope=singleton; abstract=false; lazyInit=null; autowireMode=0; dependencyCheck=0; autowireCandidate=true; primary=false; factoryBeanName=null; factoryMethodName=null; initMethodNames=null; destroyMethodNames=null; defined in file [D:\work\Seckill\backend\SK-gateway\target\classes\com\seckill\gateway\config\GatewayProperties.class]] bound.
2026-03-13T14:02:31.579+08:00  INFO 16064 --- [main] .s.b.a.l.ConditionEvaluationReportLogger : 

Error starting ApplicationContext. To display the condition evaluation report re-run your application with 'debug' enabled.
2026-03-13T14:02:31.607+08:00 ERROR 16064 --- [main] o.s.b.d.LoggingFailureAnalysisReporter   : 

***************************
APPLICATION FAILED TO START
***************************

Description:

The bean 'gatewayProperties', defined in class path resource [org/springframework/cloud/gateway/config/GatewayAutoConfiguration.class], could not be registered. A bean with that name has already been defined in file [D:\work\Seckill\backend\SK-gateway\target\classes\com\seckill\gateway\config\GatewayProperties.class] and overriding is disabled.

Action:

Consider renaming one of the beans or enabling overriding by setting spring.main.allow-bean-definition-overriding=true

2026-03-13T14:06:08.082+08:00  WARN 652 --- [main] c.a.nacos.client.logging.NacosLogging    : Load Logback Configuration of Nacos fail, message: Could not initialize Logback Nacos logging from classpath:nacos-logback.xml
2026-03-13T14:06:08.141+08:00  WARN 652 --- [main] c.a.nacos.client.logging.NacosLogging    : Load Logback Configuration of Nacos fail, message: Could not initialize Logback Nacos logging from classpath:nacos-logback.xml
2026-03-13T14:06:08.150+08:00  INFO 652 --- [main] com.seckill.gateway.GatewayApplication   : Starting GatewayApplication using Java 17.0.11 with PID 652 (D:\work\Seckill\backend\SK-gateway\target\classes started by L2326 in D:\work\Seckill\backend)
2026-03-13T14:06:08.150+08:00  INFO 652 --- [main] com.seckill.gateway.GatewayApplication   : The following 1 profile is active: "stage1"
2026-03-13T14:06:08.901+08:00  WARN 652 --- [main] ConfigServletWebServerApplicationContext : Exception encountered during context initialization - cancelling refresh attempt: org.springframework.beans.factory.support.BeanDefinitionOverrideException: Invalid bean definition with name 'gatewayProperties' defined in class path resource [org/springframework/cloud/gateway/config/GatewayAutoConfiguration.class]: Cannot register bean definition [Root bean: class [null]; scope=; abstract=false; lazyInit=null; autowireMode=3; dependencyCheck=0; autowireCandidate=true; primary=false; factoryBeanName=org.springframework.cloud.gateway.config.GatewayAutoConfiguration; factoryMethodName=gatewayProperties; initMethodNames=null; destroyMethodNames=[(inferred)]; defined in class path resource [org/springframework/cloud/gateway/config/GatewayAutoConfiguration.class]] for bean 'gatewayProperties' since there is already [Generic bean: class [com.seckill.gateway.config.GatewayProperties]; scope=singleton; abstract=false; lazyInit=null; autowireMode=0; dependencyCheck=0; autowireCandidate=true; primary=false; factoryBeanName=null; factoryMethodName=null; initMethodNames=null; destroyMethodNames=null; defined in file [D:\work\Seckill\backend\SK-gateway\target\classes\com\seckill\gateway\config\GatewayProperties.class]] bound.
2026-03-13T14:06:08.915+08:00  INFO 652 --- [main] .s.b.a.l.ConditionEvaluationReportLogger : 

Error starting ApplicationContext. To display the condition evaluation report re-run your application with 'debug' enabled.
2026-03-13T14:06:08.965+08:00 ERROR 652 --- [main] o.s.b.d.LoggingFailureAnalysisReporter   : 

***************************
APPLICATION FAILED TO START
***************************

Description:

The bean 'gatewayProperties', defined in class path resource [org/springframework/cloud/gateway/config/GatewayAutoConfiguration.class], could not be registered. A bean with that name has already been defined in file [D:\work\Seckill\backend\SK-gateway\target\classes\com\seckill\gateway\config\GatewayProperties.class] and overriding is disabled.

Action:

Consider renaming one of the beans or enabling overriding by setting spring.main.allow-bean-definition-overriding=true

2026-03-13T14:06:59.890+08:00  WARN 22460 --- [main] c.a.nacos.client.logging.NacosLogging    : Load Logback Configuration of Nacos fail, message: Could not initialize Logback Nacos logging from classpath:nacos-logback.xml
2026-03-13T14:06:59.948+08:00  WARN 22460 --- [main] c.a.nacos.client.logging.NacosLogging    : Load Logback Configuration of Nacos fail, message: Could not initialize Logback Nacos logging from classpath:nacos-logback.xml
2026-03-13T14:06:59.956+08:00  INFO 22460 --- [main] com.seckill.gateway.GatewayApplication   : Starting GatewayApplication using Java 17.0.11 with PID 22460 (D:\work\Seckill\backend\SK-gateway\target\classes started by L2326 in D:\work\Seckill\backend)
2026-03-13T14:06:59.958+08:00  INFO 22460 --- [main] com.seckill.gateway.GatewayApplication   : The following 1 profile is active: "stage1"
2026-03-13T14:07:00.683+08:00  WARN 22460 --- [main] ConfigServletWebServerApplicationContext : Exception encountered during context initialization - cancelling refresh attempt: org.springframework.beans.factory.support.BeanDefinitionOverrideException: Invalid bean definition with name 'gatewayProperties' defined in class path resource [org/springframework/cloud/gateway/config/GatewayAutoConfiguration.class]: Cannot register bean definition [Root bean: class [null]; scope=; abstract=false; lazyInit=null; autowireMode=3; dependencyCheck=0; autowireCandidate=true; primary=false; factoryBeanName=org.springframework.cloud.gateway.config.GatewayAutoConfiguration; factoryMethodName=gatewayProperties; initMethodNames=null; destroyMethodNames=[(inferred)]; defined in class path resource [org/springframework/cloud/gateway/config/GatewayAutoConfiguration.class]] for bean 'gatewayProperties' since there is already [Generic bean: class [com.seckill.gateway.config.GatewayProperties]; scope=singleton; abstract=false; lazyInit=null; autowireMode=0; dependencyCheck=0; autowireCandidate=true; primary=false; factoryBeanName=null; factoryMethodName=null; initMethodNames=null; destroyMethodNames=null; defined in file [D:\work\Seckill\backend\SK-gateway\target\classes\com\seckill\gateway\config\GatewayProperties.class]] bound.
2026-03-13T14:07:00.698+08:00  INFO 22460 --- [main] .s.b.a.l.ConditionEvaluationReportLogger : 

Error starting ApplicationContext. To display the condition evaluation report re-run your application with 'debug' enabled.
2026-03-13T14:07:00.722+08:00 ERROR 22460 --- [main] o.s.b.d.LoggingFailureAnalysisReporter   : 

***************************
APPLICATION FAILED TO START
***************************

Description:

The bean 'gatewayProperties', defined in class path resource [org/springframework/cloud/gateway/config/GatewayAutoConfiguration.class], could not be registered. A bean with that name has already been defined in file [D:\work\Seckill\backend\SK-gateway\target\classes\com\seckill\gateway\config\GatewayProperties.class] and overriding is disabled.

Action:

Consider renaming one of the beans or enabling overriding by setting spring.main.allow-bean-definition-overriding=true

2026-03-13T14:11:49.679+08:00  WARN 15748 --- [main] c.a.nacos.client.logging.NacosLogging    : Load Logback Configuration of Nacos fail, message: Could not initialize Logback Nacos logging from classpath:nacos-logback.xml
2026-03-13T14:11:49.737+08:00  WARN 15748 --- [main] c.a.nacos.client.logging.NacosLogging    : Load Logback Configuration of Nacos fail, message: Could not initialize Logback Nacos logging from classpath:nacos-logback.xml
2026-03-13T14:11:49.744+08:00  INFO 15748 --- [main] com.seckill.gateway.GatewayApplication   : Starting GatewayApplication using Java 17.0.11 with PID 15748 (D:\work\Seckill\backend\SK-gateway\target\classes started by L2326 in D:\work\Seckill\backend)
2026-03-13T14:11:49.745+08:00  INFO 15748 --- [main] com.seckill.gateway.GatewayApplication   : The following 1 profile is active: "stage1"
2026-03-13T14:11:50.833+08:00  INFO 15748 --- [main] .s.d.r.c.RepositoryConfigurationDelegate : Multiple Spring Data modules found, entering strict repository configuration mode
2026-03-13T14:11:50.837+08:00  INFO 15748 --- [main] .s.d.r.c.RepositoryConfigurationDelegate : Bootstrapping Spring Data Redis repositories in DEFAULT mode.
2026-03-13T14:11:50.876+08:00  INFO 15748 --- [main] .s.d.r.c.RepositoryConfigurationDelegate : Finished Spring Data repository scanning in 19 ms. Found 0 Redis repository interfaces.
2026-03-13T14:11:51.102+08:00  INFO 15748 --- [main] o.s.cloud.context.scope.GenericScope     : BeanFactory id=406beccb-a0e9-3b41-9f10-d29ff5008e1e
2026-03-13T14:11:51.187+08:00  INFO 15748 --- [main] trationDelegate$BeanPostProcessorChecker : Bean 'org.springframework.cloud.client.loadbalancer.reactive.LoadBalancerBeanPostProcessorAutoConfiguration' of type [org.springframework.cloud.client.loadbalancer.reactive.LoadBalancerBeanPostProcessorAutoConfiguration] is not eligible for getting processed by all BeanPostProcessors (for example: not eligible for auto-proxying)
2026-03-13T14:11:51.188+08:00  INFO 15748 --- [main] trationDelegate$BeanPostProcessorChecker : Bean 'org.springframework.cloud.client.loadbalancer.reactive.LoadBalancerBeanPostProcessorAutoConfiguration$ReactorDeferringLoadBalancerFilterConfig' of type [org.springframework.cloud.client.loadbalancer.reactive.LoadBalancerBeanPostProcessorAutoConfiguration$ReactorDeferringLoadBalancerFilterConfig] is not eligible for getting processed by all BeanPostProcessors (for example: not eligible for auto-proxying)
2026-03-13T14:11:51.191+08:00  INFO 15748 --- [main] trationDelegate$BeanPostProcessorChecker : Bean 'reactorDeferringLoadBalancerExchangeFilterFunction' of type [org.springframework.cloud.client.loadbalancer.reactive.DeferringLoadBalancerExchangeFilterFunction] is not eligible for getting processed by all BeanPostProcessors (for example: not eligible for auto-proxying)
2026-03-13T14:11:51.520+08:00  INFO 15748 --- [main] o.s.b.w.embedded.tomcat.TomcatWebServer  : Tomcat initialized with port(s): 8080 (http)
2026-03-13T14:11:51.533+08:00  INFO 15748 --- [main] o.apache.catalina.core.StandardService   : Starting service [Tomcat]
2026-03-13T14:11:51.533+08:00  INFO 15748 --- [main] o.apache.catalina.core.StandardEngine    : Starting Servlet engine: [Apache Tomcat/10.1.15]
2026-03-13T14:11:51.685+08:00  INFO 15748 --- [main] o.a.c.c.C.[Tomcat].[localhost].[/]       : Initializing Spring embedded WebApplicationContext
2026-03-13T14:11:51.686+08:00  INFO 15748 --- [main] w.s.c.ServletWebServerApplicationContext : Root WebApplicationContext: initialization completed in 1875 ms
2026-03-13T14:11:53.360+08:00  WARN 15748 --- [main] ConfigServletWebServerApplicationContext : Exception encountered during context initialization - cancelling refresh attempt: org.springframework.beans.factory.BeanCreationException: Error creating bean with name 'org.springframework.cloud.gateway.config.GatewayClassPathWarningAutoConfiguration$SpringMvcFoundOnClasspathConfiguration': Failed to instantiate [org.springframework.cloud.gateway.config.GatewayClassPathWarningAutoConfiguration$SpringMvcFoundOnClasspathConfiguration]: Constructor threw exception
2026-03-13T14:11:53.378+08:00  INFO 15748 --- [main] o.apache.catalina.core.StandardService   : Stopping service [Tomcat]
2026-03-13T14:11:53.407+08:00  INFO 15748 --- [main] .s.b.a.l.ConditionEvaluationReportLogger : 

Error starting ApplicationContext. To display the condition evaluation report re-run your application with 'debug' enabled.
2026-03-13T14:11:53.424+08:00 ERROR 15748 --- [main] o.s.b.d.LoggingFailureAnalysisReporter   : 

***************************
APPLICATION FAILED TO START
***************************

Description:

Spring MVC found on classpath, which is incompatible with Spring Cloud Gateway.

Action:

Please set spring.main.web-application-type=reactive or remove spring-boot-starter-web dependency.

2026-03-13T14:14:27.529+08:00  WARN 33360 --- [main] c.a.nacos.client.logging.NacosLogging    : Load Logback Configuration of Nacos fail, message: Could not initialize Logback Nacos logging from classpath:nacos-logback.xml
2026-03-13T14:14:27.584+08:00  WARN 33360 --- [main] c.a.nacos.client.logging.NacosLogging    : Load Logback Configuration of Nacos fail, message: Could not initialize Logback Nacos logging from classpath:nacos-logback.xml
2026-03-13T14:14:27.590+08:00  INFO 33360 --- [main] com.seckill.gateway.GatewayApplication   : Starting GatewayApplication using Java 17.0.11 with PID 33360 (D:\work\Seckill\backend\SK-gateway\target\classes started by L2326 in D:\work\Seckill\backend)
2026-03-13T14:14:27.591+08:00  INFO 33360 --- [main] com.seckill.gateway.GatewayApplication   : The following 1 profile is active: "stage1"
2026-03-13T14:14:28.507+08:00  INFO 33360 --- [main] .s.d.r.c.RepositoryConfigurationDelegate : Multiple Spring Data modules found, entering strict repository configuration mode
2026-03-13T14:14:28.509+08:00  INFO 33360 --- [main] .s.d.r.c.RepositoryConfigurationDelegate : Bootstrapping Spring Data Redis repositories in DEFAULT mode.
2026-03-13T14:14:28.540+08:00  INFO 33360 --- [main] .s.d.r.c.RepositoryConfigurationDelegate : Finished Spring Data repository scanning in 17 ms. Found 0 Redis repository interfaces.
2026-03-13T14:14:28.698+08:00  INFO 33360 --- [main] o.s.cloud.context.scope.GenericScope     : BeanFactory id=891d3d46-25d1-3bf0-a72c-a7966c8f2a5b
2026-03-13T14:14:28.755+08:00  INFO 33360 --- [main] trationDelegate$BeanPostProcessorChecker : Bean 'org.springframework.cloud.client.loadbalancer.reactive.LoadBalancerBeanPostProcessorAutoConfiguration' of type [org.springframework.cloud.client.loadbalancer.reactive.LoadBalancerBeanPostProcessorAutoConfiguration] is not eligible for getting processed by all BeanPostProcessors (for example: not eligible for auto-proxying)
2026-03-13T14:14:28.756+08:00  INFO 33360 --- [main] trationDelegate$BeanPostProcessorChecker : Bean 'org.springframework.cloud.client.loadbalancer.reactive.LoadBalancerBeanPostProcessorAutoConfiguration$ReactorDeferringLoadBalancerFilterConfig' of type [org.springframework.cloud.client.loadbalancer.reactive.LoadBalancerBeanPostProcessorAutoConfiguration$ReactorDeferringLoadBalancerFilterConfig] is not eligible for getting processed by all BeanPostProcessors (for example: not eligible for auto-proxying)
2026-03-13T14:14:28.757+08:00  INFO 33360 --- [main] trationDelegate$BeanPostProcessorChecker : Bean 'reactorDeferringLoadBalancerExchangeFilterFunction' of type [org.springframework.cloud.client.loadbalancer.reactive.DeferringLoadBalancerExchangeFilterFunction] is not eligible for getting processed by all BeanPostProcessors (for example: not eligible for auto-proxying)
2026-03-13T14:14:30.567+08:00  INFO 33360 --- [main] o.s.c.g.r.RouteDefinitionRouteLocator    : Loaded RoutePredicateFactory [After]
2026-03-13T14:14:30.568+08:00  INFO 33360 --- [main] o.s.c.g.r.RouteDefinitionRouteLocator    : Loaded RoutePredicateFactory [Before]
2026-03-13T14:14:30.568+08:00  INFO 33360 --- [main] o.s.c.g.r.RouteDefinitionRouteLocator    : Loaded RoutePredicateFactory [Between]
2026-03-13T14:14:30.568+08:00  INFO 33360 --- [main] o.s.c.g.r.RouteDefinitionRouteLocator    : Loaded RoutePredicateFactory [Cookie]
2026-03-13T14:14:30.568+08:00  INFO 33360 --- [main] o.s.c.g.r.RouteDefinitionRouteLocator    : Loaded RoutePredicateFactory [Header]
2026-03-13T14:14:30.568+08:00  INFO 33360 --- [main] o.s.c.g.r.RouteDefinitionRouteLocator    : Loaded RoutePredicateFactory [Host]
2026-03-13T14:14:30.568+08:00  INFO 33360 --- [main] o.s.c.g.r.RouteDefinitionRouteLocator    : Loaded RoutePredicateFactory [Method]
2026-03-13T14:14:30.568+08:00  INFO 33360 --- [main] o.s.c.g.r.RouteDefinitionRouteLocator    : Loaded RoutePredicateFactory [Path]
2026-03-13T14:14:30.569+08:00  INFO 33360 --- [main] o.s.c.g.r.RouteDefinitionRouteLocator    : Loaded RoutePredicateFactory [Query]
2026-03-13T14:14:30.569+08:00  INFO 33360 --- [main] o.s.c.g.r.RouteDefinitionRouteLocator    : Loaded RoutePredicateFactory [ReadBody]
2026-03-13T14:14:30.569+08:00  INFO 33360 --- [main] o.s.c.g.r.RouteDefinitionRouteLocator    : Loaded RoutePredicateFactory [RemoteAddr]
2026-03-13T14:14:30.569+08:00  INFO 33360 --- [main] o.s.c.g.r.RouteDefinitionRouteLocator    : Loaded RoutePredicateFactory [XForwardedRemoteAddr]
2026-03-13T14:14:30.569+08:00  INFO 33360 --- [main] o.s.c.g.r.RouteDefinitionRouteLocator    : Loaded RoutePredicateFactory [Weight]
2026-03-13T14:14:30.569+08:00  INFO 33360 --- [main] o.s.c.g.r.RouteDefinitionRouteLocator    : Loaded RoutePredicateFactory [CloudFoundryRouteService]
2026-03-13T14:14:31.033+08:00  INFO 33360 --- [main] o.s.b.a.e.web.EndpointLinksResolver      : Exposing 4 endpoint(s) beneath base path '/actuator'
2026-03-13T14:14:31.270+08:00  WARN 33360 --- [main] iguration$LoadBalancerCaffeineWarnLogger : Spring Cloud LoadBalancer is currently working with the default cache. While this cache implementation is useful for development and tests, it's recommended to use Caffeine cache in production.You can switch to using Caffeine cache, by adding it and org.springframework.cache.caffeine.CaffeineCacheManager to the classpath.
2026-03-13T14:14:31.500+08:00  INFO 33360 --- [main] o.s.b.web.embedded.netty.NettyWebServer  : Netty started on port 8080
2026-03-13T14:14:31.958+08:00  WARN 33360 --- [main] c.a.c.n.registry.NacosServiceRegistry    : No service to register for nacos client...
2026-03-13T14:14:32.001+08:00 ERROR 33360 --- [main] o.s.c.gateway.route.CachingRouteLocator  : Refresh routes error !!!

java.lang.IllegalArgumentException: Unable to find GatewayFilterFactory with name Hystrix
	at org.springframework.cloud.gateway.route.RouteDefinitionRouteLocator.loadGatewayFilters(RouteDefinitionRouteLocator.java:145) ~[spring-cloud-gateway-server-4.0.7.jar:4.0.7]
	at org.springframework.cloud.gateway.route.RouteDefinitionRouteLocator.getFilters(RouteDefinitionRouteLocator.java:186) ~[spring-cloud-gateway-server-4.0.7.jar:4.0.7]
	at org.springframework.cloud.gateway.route.RouteDefinitionRouteLocator.convertToRoute(RouteDefinitionRouteLocator.java:132) ~[spring-cloud-gateway-server-4.0.7.jar:4.0.7]
	at reactor.core.publisher.FluxMap$MapSubscriber.onNext(FluxMap.java:106) ~[reactor-core-3.5.11.jar:3.5.11]
	at reactor.core.publisher.FluxFlatMap$FlatMapMain.tryEmitScalar(FluxFlatMap.java:489) ~[reactor-core-3.5.11.jar:3.5.11]
	at reactor.core.publisher.FluxFlatMap$FlatMapMain.onNext(FluxFlatMap.java:422) ~[reactor-core-3.5.11.jar:3.5.11]
	at reactor.core.publisher.FluxMergeSequential$MergeSequentialMain.drain(FluxMergeSequential.java:439) ~[reactor-core-3.5.11.jar:3.5.11]
	at reactor.core.publisher.FluxMergeSequential$MergeSequentialMain.innerComplete(FluxMergeSequential.java:335) ~[reactor-core-3.5.11.jar:3.5.11]
	at reactor.core.publisher.FluxMergeSequential$MergeSequentialInner.onSubscribe(FluxMergeSequential.java:559) ~[reactor-core-3.5.11.jar:3.5.11]
	at reactor.core.publisher.FluxIterable.subscribe(FluxIterable.java:201) ~[reactor-core-3.5.11.jar:3.5.11]
	at reactor.core.publisher.FluxIterable.subscribe(FluxIterable.java:83) ~[reactor-core-3.5.11.jar:3.5.11]
	at reactor.core.publisher.Flux.subscribe(Flux.java:8773) ~[reactor-core-3.5.11.jar:3.5.11]
	at reactor.core.publisher.FluxMergeSequential$MergeSequentialMain.onNext(FluxMergeSequential.java:237) ~[reactor-core-3.5.11.jar:3.5.11]
	at reactor.core.publisher.FluxIterable$IterableSubscription.slowPath(FluxIterable.java:335) ~[reactor-core-3.5.11.jar:3.5.11]
	at reactor.core.publisher.FluxIterable$IterableSubscription.request(FluxIterable.java:294) ~[reactor-core-3.5.11.jar:3.5.11]
	at reactor.core.publisher.FluxMergeSequential$MergeSequentialMain.onSubscribe(FluxMergeSequential.java:198) ~[reactor-core-3.5.11.jar:3.5.11]
	at reactor.core.publisher.FluxIterable.subscribe(FluxIterable.java:201) ~[reactor-core-3.5.11.jar:3.5.11]
	at reactor.core.publisher.FluxIterable.subscribe(FluxIterable.java:83) ~[reactor-core-3.5.11.jar:3.5.11]
	at reactor.core.publisher.Flux.subscribe(Flux.java:8773) ~[reactor-core-3.5.11.jar:3.5.11]
	at reactor.core.publisher.FluxMergeSequential$MergeSequentialMain.onNext(FluxMergeSequential.java:237) ~[reactor-core-3.5.11.jar:3.5.11]
	at reactor.core.publisher.FluxIterable$IterableSubscription.slowPath(FluxIterable.java:335) ~[reactor-core-3.5.11.jar:3.5.11]
	at reactor.core.publisher.FluxIterable$IterableSubscription.request(FluxIterable.java:294) ~[reactor-core-3.5.11.jar:3.5.11]
	at reactor.core.publisher.FluxMergeSequential$MergeSequentialMain.onSubscribe(FluxMergeSequential.java:198) ~[reactor-core-3.5.11.jar:3.5.11]
	at reactor.core.publisher.FluxIterable.subscribe(FluxIterable.java:201) ~[reactor-core-3.5.11.jar:3.5.11]
	at reactor.core.publisher.FluxIterable.subscribe(FluxIterable.java:83) ~[reactor-core-3.5.11.jar:3.5.11]
	at reactor.core.publisher.Mono.subscribe(Mono.java:4495) ~[reactor-core-3.5.11.jar:3.5.11]
	at reactor.core.publisher.Mono.subscribeWith(Mono.java:4561) ~[reactor-core-3.5.11.jar:3.5.11]
	at reactor.core.publisher.Mono.subscribe(Mono.java:4462) ~[reactor-core-3.5.11.jar:3.5.11]
	at reactor.core.publisher.Mono.subscribe(Mono.java:4398) ~[reactor-core-3.5.11.jar:3.5.11]
	at reactor.core.publisher.Mono.subscribe(Mono.java:4370) ~[reactor-core-3.5.11.jar:3.5.11]
	at org.springframework.cloud.gateway.route.CachingRouteLocator.onApplicationEvent(CachingRouteLocator.java:101) ~[spring-cloud-gateway-server-4.0.7.jar:4.0.7]
	at org.springframework.cloud.gateway.route.CachingRouteLocator.onApplicationEvent(CachingRouteLocator.java:41) ~[spring-cloud-gateway-server-4.0.7.jar:4.0.7]
	at org.springframework.context.event.SimpleApplicationEventMulticaster.doInvokeListener(SimpleApplicationEventMulticaster.java:174) ~[spring-context-6.0.13.jar:6.0.13]
	at org.springframework.context.event.SimpleApplicationEventMulticaster.invokeListener(SimpleApplicationEventMulticaster.java:167) ~[spring-context-6.0.13.jar:6.0.13]
	at org.springframework.context.event.SimpleApplicationEventMulticaster.multicastEvent(SimpleApplicationEventMulticaster.java:145) ~[spring-context-6.0.13.jar:6.0.13]
	at org.springframework.context.support.AbstractApplicationContext.publishEvent(AbstractApplicationContext.java:445) ~[spring-context-6.0.13.jar:6.0.13]
	at org.springframework.context.support.AbstractApplicationContext.publishEvent(AbstractApplicationContext.java:378) ~[spring-context-6.0.13.jar:6.0.13]
	at org.springframework.cloud.gateway.route.RouteRefreshListener.reset(RouteRefreshListener.java:73) ~[spring-cloud-gateway-server-4.0.7.jar:4.0.7]
	at org.springframework.cloud.gateway.route.RouteRefreshListener.onApplicationEvent(RouteRefreshListener.java:54) ~[spring-cloud-gateway-server-4.0.7.jar:4.0.7]
	at org.springframework.context.event.SimpleApplicationEventMulticaster.doInvokeListener(SimpleApplicationEventMulticaster.java:174) ~[spring-context-6.0.13.jar:6.0.13]
	at org.springframework.context.event.SimpleApplicationEventMulticaster.invokeListener(SimpleApplicationEventMulticaster.java:167) ~[spring-context-6.0.13.jar:6.0.13]
	at org.springframework.context.event.SimpleApplicationEventMulticaster.multicastEvent(SimpleApplicationEventMulticaster.java:145) ~[spring-context-6.0.13.jar:6.0.13]
	at org.springframework.context.support.AbstractApplicationContext.publishEvent(AbstractApplicationContext.java:445) ~[spring-context-6.0.13.jar:6.0.13]
	at org.springframework.context.support.AbstractApplicationContext.publishEvent(AbstractApplicationContext.java:378) ~[spring-context-6.0.13.jar:6.0.13]
	at org.springframework.cloud.client.serviceregistry.AbstractAutoServiceRegistration.start(AbstractAutoServiceRegistration.java:169) ~[spring-cloud-commons-4.0.4.jar:4.0.4]
	at org.springframework.cloud.client.serviceregistry.AbstractAutoServiceRegistration.onApplicationEvent(AbstractAutoServiceRegistration.java:119) ~[spring-cloud-commons-4.0.4.jar:4.0.4]
	at org.springframework.cloud.client.serviceregistry.AbstractAutoServiceRegistration.onApplicationEvent(AbstractAutoServiceRegistration.java:49) ~[spring-cloud-commons-4.0.4.jar:4.0.4]
	at org.springframework.context.event.SimpleApplicationEventMulticaster.doInvokeListener(SimpleApplicationEventMulticaster.java:174) ~[spring-context-6.0.13.jar:6.0.13]
	at org.springframework.context.event.SimpleApplicationEventMulticaster.invokeListener(SimpleApplicationEventMulticaster.java:167) ~[spring-context-6.0.13.jar:6.0.13]
	at org.springframework.context.event.SimpleApplicationEventMulticaster.multicastEvent(SimpleApplicationEventMulticaster.java:145) ~[spring-context-6.0.13.jar:6.0.13]
	at org.springframework.context.support.AbstractApplicationContext.publishEvent(AbstractApplicationContext.java:445) ~[spring-context-6.0.13.jar:6.0.13]
	at org.springframework.context.support.AbstractApplicationContext.publishEvent(AbstractApplicationContext.java:378) ~[spring-context-6.0.13.jar:6.0.13]
	at org.springframework.boot.web.reactive.context.WebServerManager.start(WebServerManager.java:57) ~[spring-boot-3.1.5.jar:3.1.5]
	at org.springframework.boot.web.reactive.context.WebServerStartStopLifecycle.start(WebServerStartStopLifecycle.java:41) ~[spring-boot-3.1.5.jar:3.1.5]
	at org.springframework.context.support.DefaultLifecycleProcessor.doStart(DefaultLifecycleProcessor.java:179) ~[spring-context-6.0.13.jar:6.0.13]
	at org.springframework.context.support.DefaultLifecycleProcessor$LifecycleGroup.start(DefaultLifecycleProcessor.java:357) ~[spring-context-6.0.13.jar:6.0.13]
	at java.base/java.lang.Iterable.forEach(Iterable.java:75) ~[na:na]
	at org.springframework.context.support.DefaultLifecycleProcessor.startBeans(DefaultLifecycleProcessor.java:156) ~[spring-context-6.0.13.jar:6.0.13]
	at org.springframework.context.support.DefaultLifecycleProcessor.onRefresh(DefaultLifecycleProcessor.java:124) ~[spring-context-6.0.13.jar:6.0.13]
	at org.springframework.context.support.AbstractApplicationContext.finishRefresh(AbstractApplicationContext.java:966) ~[spring-context-6.0.13.jar:6.0.13]
	at org.springframework.context.support.AbstractApplicationContext.refresh(AbstractApplicationContext.java:619) ~[spring-context-6.0.13.jar:6.0.13]
	at org.springframework.boot.web.reactive.context.ReactiveWebServerApplicationContext.refresh(ReactiveWebServerApplicationContext.java:66) ~[spring-boot-3.1.5.jar:3.1.5]
	at org.springframework.boot.SpringApplication.refresh(SpringApplication.java:738) ~[spring-boot-3.1.5.jar:3.1.5]
	at org.springframework.boot.SpringApplication.refreshContext(SpringApplication.java:440) ~[spring-boot-3.1.5.jar:3.1.5]
	at org.springframework.boot.SpringApplication.run(SpringApplication.java:316) ~[spring-boot-3.1.5.jar:3.1.5]
	at org.springframework.boot.SpringApplication.run(SpringApplication.java:1306) ~[spring-boot-3.1.5.jar:3.1.5]
	at org.springframework.boot.SpringApplication.run(SpringApplication.java:1295) ~[spring-boot-3.1.5.jar:3.1.5]
	at com.seckill.gateway.GatewayApplication.main(GatewayApplication.java:17) ~[classes/:na]

2026-03-13T14:14:32.009+08:00  WARN 33360 --- [main] onfigReactiveWebServerApplicationContext : Exception encountered during context initialization - cancelling refresh attempt: org.springframework.context.ApplicationContextException: Failed to start bean 'webServerStartStop'
2026-03-13T14:14:34.153+08:00  INFO 33360 --- [main] .s.b.a.l.ConditionEvaluationReportLogger : 

Error starting ApplicationContext. To display the condition evaluation report re-run your application with 'debug' enabled.
2026-03-13T14:14:34.169+08:00 ERROR 33360 --- [main] o.s.boot.SpringApplication               : Application run failed

org.springframework.context.ApplicationContextException: Failed to start bean 'webServerStartStop'
	at org.springframework.context.support.DefaultLifecycleProcessor.doStart(DefaultLifecycleProcessor.java:182) ~[spring-context-6.0.13.jar:6.0.13]
	at org.springframework.context.support.DefaultLifecycleProcessor$LifecycleGroup.start(DefaultLifecycleProcessor.java:357) ~[spring-context-6.0.13.jar:6.0.13]
	at java.base/java.lang.Iterable.forEach(Iterable.java:75) ~[na:na]
	at org.springframework.context.support.DefaultLifecycleProcessor.startBeans(DefaultLifecycleProcessor.java:156) ~[spring-context-6.0.13.jar:6.0.13]
	at org.springframework.context.support.DefaultLifecycleProcessor.onRefresh(DefaultLifecycleProcessor.java:124) ~[spring-context-6.0.13.jar:6.0.13]
	at org.springframework.context.support.AbstractApplicationContext.finishRefresh(AbstractApplicationContext.java:966) ~[spring-context-6.0.13.jar:6.0.13]
	at org.springframework.context.support.AbstractApplicationContext.refresh(AbstractApplicationContext.java:619) ~[spring-context-6.0.13.jar:6.0.13]
	at org.springframework.boot.web.reactive.context.ReactiveWebServerApplicationContext.refresh(ReactiveWebServerApplicationContext.java:66) ~[spring-boot-3.1.5.jar:3.1.5]
	at org.springframework.boot.SpringApplication.refresh(SpringApplication.java:738) ~[spring-boot-3.1.5.jar:3.1.5]
	at org.springframework.boot.SpringApplication.refreshContext(SpringApplication.java:440) ~[spring-boot-3.1.5.jar:3.1.5]
	at org.springframework.boot.SpringApplication.run(SpringApplication.java:316) ~[spring-boot-3.1.5.jar:3.1.5]
	at org.springframework.boot.SpringApplication.run(SpringApplication.java:1306) ~[spring-boot-3.1.5.jar:3.1.5]
	at org.springframework.boot.SpringApplication.run(SpringApplication.java:1295) ~[spring-boot-3.1.5.jar:3.1.5]
	at com.seckill.gateway.GatewayApplication.main(GatewayApplication.java:17) ~[classes/:na]
Caused by: java.lang.IllegalArgumentException: Unable to find GatewayFilterFactory with name Hystrix
	at org.springframework.cloud.gateway.route.RouteDefinitionRouteLocator.loadGatewayFilters(RouteDefinitionRouteLocator.java:145) ~[spring-cloud-gateway-server-4.0.7.jar:4.0.7]
	at org.springframework.cloud.gateway.route.RouteDefinitionRouteLocator.getFilters(RouteDefinitionRouteLocator.java:186) ~[spring-cloud-gateway-server-4.0.7.jar:4.0.7]
	at org.springframework.cloud.gateway.route.RouteDefinitionRouteLocator.convertToRoute(RouteDefinitionRouteLocator.java:132) ~[spring-cloud-gateway-server-4.0.7.jar:4.0.7]
	at reactor.core.publisher.FluxMap$MapSubscriber.onNext(FluxMap.java:106) ~[reactor-core-3.5.11.jar:3.5.11]
	at reactor.core.publisher.FluxFlatMap$FlatMapMain.tryEmitScalar(FluxFlatMap.java:489) ~[reactor-core-3.5.11.jar:3.5.11]
	at reactor.core.publisher.FluxFlatMap$FlatMapMain.onNext(FluxFlatMap.java:422) ~[reactor-core-3.5.11.jar:3.5.11]
	at reactor.core.publisher.FluxMergeSequential$MergeSequentialMain.drain(FluxMergeSequential.java:439) ~[reactor-core-3.5.11.jar:3.5.11]
	at reactor.core.publisher.FluxMergeSequential$MergeSequentialMain.innerComplete(FluxMergeSequential.java:335) ~[reactor-core-3.5.11.jar:3.5.11]
	at reactor.core.publisher.FluxMergeSequential$MergeSequentialInner.onSubscribe(FluxMergeSequential.java:559) ~[reactor-core-3.5.11.jar:3.5.11]
	at reactor.core.publisher.FluxIterable.subscribe(FluxIterable.java:201) ~[reactor-core-3.5.11.jar:3.5.11]
	at reactor.core.publisher.FluxIterable.subscribe(FluxIterable.java:83) ~[reactor-core-3.5.11.jar:3.5.11]
	at reactor.core.publisher.Flux.subscribe(Flux.java:8773) ~[reactor-core-3.5.11.jar:3.5.11]
	at reactor.core.publisher.FluxMergeSequential$MergeSequentialMain.onNext(FluxMergeSequential.java:237) ~[reactor-core-3.5.11.jar:3.5.11]
	at reactor.core.publisher.FluxIterable$IterableSubscription.slowPath(FluxIterable.java:335) ~[reactor-core-3.5.11.jar:3.5.11]
	at reactor.core.publisher.FluxIterable$IterableSubscription.request(FluxIterable.java:294) ~[reactor-core-3.5.11.jar:3.5.11]
	at reactor.core.publisher.FluxMergeSequential$MergeSequentialMain.onSubscribe(FluxMergeSequential.java:198) ~[reactor-core-3.5.11.jar:3.5.11]
	at reactor.core.publisher.FluxIterable.subscribe(FluxIterable.java:201) ~[reactor-core-3.5.11.jar:3.5.11]
	at reactor.core.publisher.FluxIterable.subscribe(FluxIterable.java:83) ~[reactor-core-3.5.11.jar:3.5.11]
	at reactor.core.publisher.Flux.subscribe(Flux.java:8773) ~[reactor-core-3.5.11.jar:3.5.11]
	at reactor.core.publisher.FluxMergeSequential$MergeSequentialMain.onNext(FluxMergeSequential.java:237) ~[reactor-core-3.5.11.jar:3.5.11]
	at reactor.core.publisher.FluxIterable$IterableSubscription.slowPath(FluxIterable.java:335) ~[reactor-core-3.5.11.jar:3.5.11]
	at reactor.core.publisher.FluxIterable$IterableSubscription.request(FluxIterable.java:294) ~[reactor-core-3.5.11.jar:3.5.11]
	at reactor.core.publisher.FluxMergeSequential$MergeSequentialMain.onSubscribe(FluxMergeSequential.java:198) ~[reactor-core-3.5.11.jar:3.5.11]
	at reactor.core.publisher.FluxIterable.subscribe(FluxIterable.java:201) ~[reactor-core-3.5.11.jar:3.5.11]
	at reactor.core.publisher.FluxIterable.subscribe(FluxIterable.java:83) ~[reactor-core-3.5.11.jar:3.5.11]
	at reactor.core.publisher.InternalFluxOperator.subscribe(InternalFluxOperator.java:62) ~[reactor-core-3.5.11.jar:3.5.11]
	at reactor.core.publisher.FluxDefer.subscribe(FluxDefer.java:54) ~[reactor-core-3.5.11.jar:3.5.11]
	at reactor.core.publisher.Flux.subscribe(Flux.java:8773) ~[reactor-core-3.5.11.jar:3.5.11]
	at reactor.core.publisher.Flux.blockLast(Flux.java:2752) ~[reactor-core-3.5.11.jar:3.5.11]
	at org.springframework.cloud.gateway.filter.WeightCalculatorWebFilter.lambda$onApplicationEvent$0(WeightCalculatorWebFilter.java:140) ~[spring-cloud-gateway-server-4.0.7.jar:4.0.7]
	at org.springframework.beans.factory.support.DefaultListableBeanFactory$DependencyObjectProvider.ifAvailable(DefaultListableBeanFactory.java:2070) ~[spring-beans-6.0.13.jar:6.0.13]
	at org.springframework.cloud.gateway.filter.WeightCalculatorWebFilter.onApplicationEvent(WeightCalculatorWebFilter.java:140) ~[spring-cloud-gateway-server-4.0.7.jar:4.0.7]
	at org.springframework.context.event.SimpleApplicationEventMulticaster.doInvokeListener(SimpleApplicationEventMulticaster.java:174) ~[spring-context-6.0.13.jar:6.0.13]
	at org.springframework.context.event.SimpleApplicationEventMulticaster.invokeListener(SimpleApplicationEventMulticaster.java:167) ~[spring-context-6.0.13.jar:6.0.13]
	at org.springframework.context.event.SimpleApplicationEventMulticaster.multicastEvent(SimpleApplicationEventMulticaster.java:145) ~[spring-context-6.0.13.jar:6.0.13]
	at org.springframework.context.support.AbstractApplicationContext.publishEvent(AbstractApplicationContext.java:445) ~[spring-context-6.0.13.jar:6.0.13]
	at org.springframework.context.support.AbstractApplicationContext.publishEvent(AbstractApplicationContext.java:378) ~[spring-context-6.0.13.jar:6.0.13]
	at org.springframework.cloud.gateway.route.RouteRefreshListener.reset(RouteRefreshListener.java:73) ~[spring-cloud-gateway-server-4.0.7.jar:4.0.7]
	at org.springframework.cloud.gateway.route.RouteRefreshListener.onApplicationEvent(RouteRefreshListener.java:54) ~[spring-cloud-gateway-server-4.0.7.jar:4.0.7]
	at org.springframework.context.event.SimpleApplicationEventMulticaster.doInvokeListener(SimpleApplicationEventMulticaster.java:174) ~[spring-context-6.0.13.jar:6.0.13]
	at org.springframework.context.event.SimpleApplicationEventMulticaster.invokeListener(SimpleApplicationEventMulticaster.java:167) ~[spring-context-6.0.13.jar:6.0.13]
	at org.springframework.context.event.SimpleApplicationEventMulticaster.multicastEvent(SimpleApplicationEventMulticaster.java:145) ~[spring-context-6.0.13.jar:6.0.13]
	at org.springframework.context.support.AbstractApplicationContext.publishEvent(AbstractApplicationContext.java:445) ~[spring-context-6.0.13.jar:6.0.13]
	at org.springframework.context.support.AbstractApplicationContext.publishEvent(AbstractApplicationContext.java:378) ~[spring-context-6.0.13.jar:6.0.13]
	at org.springframework.cloud.client.serviceregistry.AbstractAutoServiceRegistration.start(AbstractAutoServiceRegistration.java:169) ~[spring-cloud-commons-4.0.4.jar:4.0.4]
	at org.springframework.cloud.client.serviceregistry.AbstractAutoServiceRegistration.onApplicationEvent(AbstractAutoServiceRegistration.java:119) ~[spring-cloud-commons-4.0.4.jar:4.0.4]
	at org.springframework.cloud.client.serviceregistry.AbstractAutoServiceRegistration.onApplicationEvent(AbstractAutoServiceRegistration.java:49) ~[spring-cloud-commons-4.0.4.jar:4.0.4]
	at org.springframework.context.event.SimpleApplicationEventMulticaster.doInvokeListener(SimpleApplicationEventMulticaster.java:174) ~[spring-context-6.0.13.jar:6.0.13]
	at org.springframework.context.event.SimpleApplicationEventMulticaster.invokeListener(SimpleApplicationEventMulticaster.java:167) ~[spring-context-6.0.13.jar:6.0.13]
	at org.springframework.context.event.SimpleApplicationEventMulticaster.multicastEvent(SimpleApplicationEventMulticaster.java:145) ~[spring-context-6.0.13.jar:6.0.13]
	at org.springframework.context.support.AbstractApplicationContext.publishEvent(AbstractApplicationContext.java:445) ~[spring-context-6.0.13.jar:6.0.13]
	at org.springframework.context.support.AbstractApplicationContext.publishEvent(AbstractApplicationContext.java:378) ~[spring-context-6.0.13.jar:6.0.13]
	at org.springframework.boot.web.reactive.context.WebServerManager.start(WebServerManager.java:57) ~[spring-boot-3.1.5.jar:3.1.5]
	at org.springframework.boot.web.reactive.context.WebServerStartStopLifecycle.start(WebServerStartStopLifecycle.java:41) ~[spring-boot-3.1.5.jar:3.1.5]
	at org.springframework.context.support.DefaultLifecycleProcessor.doStart(DefaultLifecycleProcessor.java:179) ~[spring-context-6.0.13.jar:6.0.13]
	... 13 common frames omitted
	Suppressed: java.lang.Exception: #block terminated with an error
		at reactor.core.publisher.BlockingSingleSubscriber.blockingGet(BlockingSingleSubscriber.java:103) ~[reactor-core-3.5.11.jar:3.5.11]
		at reactor.core.publisher.Flux.blockLast(Flux.java:2753) ~[reactor-core-3.5.11.jar:3.5.11]
		... 39 common frames omitted

2026-03-13T15:55:32.460+08:00  WARN 39528 --- [main] c.a.nacos.client.logging.NacosLogging    : Load Logback Configuration of Nacos fail, message: Could not initialize Logback Nacos logging from classpath:nacos-logback.xml
2026-03-13T15:55:32.526+08:00  WARN 39528 --- [main] c.a.nacos.client.logging.NacosLogging    : Load Logback Configuration of Nacos fail, message: Could not initialize Logback Nacos logging from classpath:nacos-logback.xml
2026-03-13T15:55:32.531+08:00  INFO 39528 --- [main] com.seckill.gateway.GatewayApplication   : Starting GatewayApplication using Java 17.0.11 with PID 39528 (D:\work\Seckill\backend\SK-gateway\target\classes started by L2326 in D:\work\Seckill\backend)
2026-03-13T15:55:32.531+08:00  INFO 39528 --- [main] com.seckill.gateway.GatewayApplication   : The following 1 profile is active: "stage1"
2026-03-13T15:55:32.578+08:00  WARN 39528 --- [main] c.a.c.n.c.NacosConfigDataLoader          : [Nacos Config] config[dataId=sk-gateway.yaml, group=DEFAULT_GROUP] is empty
2026-03-13T15:55:32.664+08:00  INFO 39528 --- [com.alibaba.nacos.client.remote.worker] c.a.n.c.remote.client.grpc.GrpcClient    : grpc client connection server:127.0.0.1 ip,serverPort:9848,grpcTslConfig:{"sslProvider":"OPENSSL","enableTls":false,"mutualAuthEnable":false,"trustAll":false}
2026-03-13T15:55:32.676+08:00 ERROR 39528 --- [com.alibaba.nacos.client.remote.worker] c.a.n.c.remote.client.grpc.GrpcClient    : Server check fail, please check server 127.0.0.1 ,port 9848 is available , error ={}

java.util.concurrent.ExecutionException: com.alibaba.nacos.shaded.io.grpc.StatusRuntimeException: UNAVAILABLE: io exception
	at com.alibaba.nacos.shaded.com.google.common.util.concurrent.AbstractFuture.getDoneValue(AbstractFuture.java:566) ~[nacos-client-2.2.1.jar:na]
	at com.alibaba.nacos.shaded.com.google.common.util.concurrent.AbstractFuture.get(AbstractFuture.java:445) ~[nacos-client-2.2.1.jar:na]
	at com.alibaba.nacos.common.remote.client.grpc.GrpcClient.serverCheck(GrpcClient.java:218) ~[nacos-client-2.2.1.jar:na]
	at com.alibaba.nacos.common.remote.client.grpc.GrpcClient.connectToServer(GrpcClient.java:329) ~[nacos-client-2.2.1.jar:na]
	at com.alibaba.nacos.common.remote.client.RpcClient.reconnect(RpcClient.java:502) ~[nacos-client-2.2.1.jar:na]
	at com.alibaba.nacos.common.remote.client.RpcClient.lambda$start$2(RpcClient.java:343) ~[nacos-client-2.2.1.jar:na]
	at java.base/java.util.concurrent.Executors$RunnableAdapter.call(Executors.java:539) ~[na:na]
	at java.base/java.util.concurrent.FutureTask.run(FutureTask.java:264) ~[na:na]
	at java.base/java.util.concurrent.ScheduledThreadPoolExecutor$ScheduledFutureTask.run(ScheduledThreadPoolExecutor.java:304) ~[na:na]
	at java.base/java.util.concurrent.ThreadPoolExecutor.runWorker(ThreadPoolExecutor.java:1136) ~[na:na]
	at java.base/java.util.concurrent.ThreadPoolExecutor$Worker.run(ThreadPoolExecutor.java:635) ~[na:na]
	at java.base/java.lang.Thread.run(Thread.java:840) ~[na:na]
Caused by: com.alibaba.nacos.shaded.io.grpc.StatusRuntimeException: UNAVAILABLE: io exception
	at com.alibaba.nacos.shaded.io.grpc.Status.asRuntimeException(Status.java:539) ~[nacos-client-2.2.1.jar:na]
	at com.alibaba.nacos.shaded.io.grpc.stub.ClientCalls$UnaryStreamToFuture.onClose(ClientCalls.java:544) ~[nacos-client-2.2.1.jar:na]
	at com.alibaba.nacos.shaded.io.grpc.internal.DelayedClientCall$DelayedListener$3.run(DelayedClientCall.java:471) ~[nacos-client-2.2.1.jar:na]
	at com.alibaba.nacos.shaded.io.grpc.internal.DelayedClientCall$DelayedListener.delayOrExecute(DelayedClientCall.java:435) ~[nacos-client-2.2.1.jar:na]
	at com.alibaba.nacos.shaded.io.grpc.internal.DelayedClientCall$DelayedListener.onClose(DelayedClientCall.java:468) ~[nacos-client-2.2.1.jar:na]
	at com.alibaba.nacos.shaded.io.grpc.internal.ClientCallImpl.closeObserver(ClientCallImpl.java:563) ~[nacos-client-2.2.1.jar:na]
	at com.alibaba.nacos.shaded.io.grpc.internal.ClientCallImpl.access$300(ClientCallImpl.java:70) ~[nacos-client-2.2.1.jar:na]
	at com.alibaba.nacos.shaded.io.grpc.internal.ClientCallImpl$ClientStreamListenerImpl$1StreamClosed.runInternal(ClientCallImpl.java:744) ~[nacos-client-2.2.1.jar:na]
	at com.alibaba.nacos.shaded.io.grpc.internal.ClientCallImpl$ClientStreamListenerImpl$1StreamClosed.runInContext(ClientCallImpl.java:723) ~[nacos-client-2.2.1.jar:na]
	at com.alibaba.nacos.shaded.io.grpc.internal.ContextRunnable.run(ContextRunnable.java:37) ~[nacos-client-2.2.1.jar:na]
	at com.alibaba.nacos.shaded.io.grpc.internal.SerializingExecutor.run(SerializingExecutor.java:133) ~[nacos-client-2.2.1.jar:na]
	... 3 common frames omitted
Caused by: com.alibaba.nacos.shaded.io.grpc.netty.shaded.io.netty.channel.AbstractChannel$AnnotatedConnectException: Connection refused: getsockopt: /127.0.0.1:9848
Caused by: java.net.ConnectException: Connection refused: getsockopt
	at java.base/sun.nio.ch.Net.pollConnect(Native Method) ~[na:na]
	at java.base/sun.nio.ch.Net.pollConnectNow(Net.java:672) ~[na:na]
	at java.base/sun.nio.ch.SocketChannelImpl.finishConnect(SocketChannelImpl.java:946) ~[na:na]
	at com.alibaba.nacos.shaded.io.grpc.netty.shaded.io.netty.channel.socket.nio.NioSocketChannel.doFinishConnect(NioSocketChannel.java:337) ~[nacos-client-2.2.1.jar:na]
	at com.alibaba.nacos.shaded.io.grpc.netty.shaded.io.netty.channel.nio.AbstractNioChannel$AbstractNioUnsafe.finishConnect(AbstractNioChannel.java:334) ~[nacos-client-2.2.1.jar:na]
	at com.alibaba.nacos.shaded.io.grpc.netty.shaded.io.netty.channel.nio.NioEventLoop.processSelectedKey(NioEventLoop.java:710) ~[nacos-client-2.2.1.jar:na]
	at com.alibaba.nacos.shaded.io.grpc.netty.shaded.io.netty.channel.nio.NioEventLoop.processSelectedKeysOptimized(NioEventLoop.java:658) ~[nacos-client-2.2.1.jar:na]
	at com.alibaba.nacos.shaded.io.grpc.netty.shaded.io.netty.channel.nio.NioEventLoop.processSelectedKeys(NioEventLoop.java:584) ~[nacos-client-2.2.1.jar:na]
	at com.alibaba.nacos.shaded.io.grpc.netty.shaded.io.netty.channel.nio.NioEventLoop.run(NioEventLoop.java:496) ~[nacos-client-2.2.1.jar:na]
	at com.alibaba.nacos.shaded.io.grpc.netty.shaded.io.netty.util.concurrent.SingleThreadEventExecutor$4.run(SingleThreadEventExecutor.java:997) ~[nacos-client-2.2.1.jar:na]
	at com.alibaba.nacos.shaded.io.grpc.netty.shaded.io.netty.util.internal.ThreadExecutorMap$2.run(ThreadExecutorMap.java:74) ~[nacos-client-2.2.1.jar:na]
	at com.alibaba.nacos.shaded.io.grpc.netty.shaded.io.netty.util.concurrent.FastThreadLocalRunnable.run(FastThreadLocalRunnable.java:30) ~[nacos-client-2.2.1.jar:na]
	at java.base/java.lang.Thread.run(Thread.java:840) ~[na:na]

2026-03-13T15:55:32.680+08:00  INFO 39528 --- [com.alibaba.nacos.client.remote.worker] com.alibaba.nacos.common.remote.client   : [902fb123-8452-43f3-b4d5-aa3097eddab5_config-0] Fail to connect server, after trying 3 times, last try server is {serverIp = '127.0.0.1', server main port = 8848}, error = unknown
2026-03-13T15:55:33.087+08:00  INFO 39528 --- [com.alibaba.nacos.client.remote.worker] c.a.n.c.remote.client.grpc.GrpcClient    : grpc client connection server:127.0.0.1 ip,serverPort:9848,grpcTslConfig:{"sslProvider":"OPENSSL","enableTls":false,"mutualAuthEnable":false,"trustAll":false}
2026-03-13T15:55:33.103+08:00 ERROR 39528 --- [com.alibaba.nacos.client.remote.worker] c.a.n.c.remote.client.grpc.GrpcClient    : Server check fail, please check server 127.0.0.1 ,port 9848 is available , error ={}

java.util.concurrent.ExecutionException: com.alibaba.nacos.shaded.io.grpc.StatusRuntimeException: UNAVAILABLE: io exception
	at com.alibaba.nacos.shaded.com.google.common.util.concurrent.AbstractFuture.getDoneValue(AbstractFuture.java:566) ~[nacos-client-2.2.1.jar:na]
	at com.alibaba.nacos.shaded.com.google.common.util.concurrent.AbstractFuture.get(AbstractFuture.java:445) ~[nacos-client-2.2.1.jar:na]
	at com.alibaba.nacos.common.remote.client.grpc.GrpcClient.serverCheck(GrpcClient.java:218) ~[nacos-client-2.2.1.jar:na]
	at com.alibaba.nacos.common.remote.client.grpc.GrpcClient.connectToServer(GrpcClient.java:329) ~[nacos-client-2.2.1.jar:na]
	at com.alibaba.nacos.common.remote.client.RpcClient.reconnect(RpcClient.java:502) ~[nacos-client-2.2.1.jar:na]
	at com.alibaba.nacos.common.remote.client.RpcClient.lambda$start$2(RpcClient.java:343) ~[nacos-client-2.2.1.jar:na]
	at java.base/java.util.concurrent.Executors$RunnableAdapter.call(Executors.java:539) ~[na:na]
	at java.base/java.util.concurrent.FutureTask.run(FutureTask.java:264) ~[na:na]
	at java.base/java.util.concurrent.ScheduledThreadPoolExecutor$ScheduledFutureTask.run(ScheduledThreadPoolExecutor.java:304) ~[na:na]
	at java.base/java.util.concurrent.ThreadPoolExecutor.runWorker(ThreadPoolExecutor.java:1136) ~[na:na]
	at java.base/java.util.concurrent.ThreadPoolExecutor$Worker.run(ThreadPoolExecutor.java:635) ~[na:na]
	at java.base/java.lang.Thread.run(Thread.java:840) ~[na:na]
Caused by: com.alibaba.nacos.shaded.io.grpc.StatusRuntimeException: UNAVAILABLE: io exception
	at com.alibaba.nacos.shaded.io.grpc.Status.asRuntimeException(Status.java:539) ~[nacos-client-2.2.1.jar:na]
	at com.alibaba.nacos.shaded.io.grpc.stub.ClientCalls$UnaryStreamToFuture.onClose(ClientCalls.java:544) ~[nacos-client-2.2.1.jar:na]
	at com.alibaba.nacos.shaded.io.grpc.internal.DelayedClientCall$DelayedListener$3.run(DelayedClientCall.java:471) ~[nacos-client-2.2.1.jar:na]
	at com.alibaba.nacos.shaded.io.grpc.internal.DelayedClientCall$DelayedListener.delayOrExecute(DelayedClientCall.java:435) ~[nacos-client-2.2.1.jar:na]
	at com.alibaba.nacos.shaded.io.grpc.internal.DelayedClientCall$DelayedListener.onClose(DelayedClientCall.java:468) ~[nacos-client-2.2.1.jar:na]
	at com.alibaba.nacos.shaded.io.grpc.internal.ClientCallImpl.closeObserver(ClientCallImpl.java:563) ~[nacos-client-2.2.1.jar:na]
	at com.alibaba.nacos.shaded.io.grpc.internal.ClientCallImpl.access$300(ClientCallImpl.java:70) ~[nacos-client-2.2.1.jar:na]
	at com.alibaba.nacos.shaded.io.grpc.internal.ClientCallImpl$ClientStreamListenerImpl$1StreamClosed.runInternal(ClientCallImpl.java:744) ~[nacos-client-2.2.1.jar:na]
	at com.alibaba.nacos.shaded.io.grpc.internal.ClientCallImpl$ClientStreamListenerImpl$1StreamClosed.runInContext(ClientCallImpl.java:723) ~[nacos-client-2.2.1.jar:na]
	at com.alibaba.nacos.shaded.io.grpc.internal.ContextRunnable.run(ContextRunnable.java:37) ~[nacos-client-2.2.1.jar:na]
	at com.alibaba.nacos.shaded.io.grpc.internal.SerializingExecutor.run(SerializingExecutor.java:133) ~[nacos-client-2.2.1.jar:na]
	... 3 common frames omitted
Caused by: com.alibaba.nacos.shaded.io.grpc.netty.shaded.io.netty.channel.AbstractChannel$AnnotatedConnectException: Connection refused: getsockopt: /127.0.0.1:9848
Caused by: java.net.ConnectException: Connection refused: getsockopt
	at java.base/sun.nio.ch.Net.pollConnect(Native Method) ~[na:na]
	at java.base/sun.nio.ch.Net.pollConnectNow(Net.java:672) ~[na:na]
	at java.base/sun.nio.ch.SocketChannelImpl.finishConnect(SocketChannelImpl.java:946) ~[na:na]
	at com.alibaba.nacos.shaded.io.grpc.netty.shaded.io.netty.channel.socket.nio.NioSocketChannel.doFinishConnect(NioSocketChannel.java:337) ~[nacos-client-2.2.1.jar:na]
	at com.alibaba.nacos.shaded.io.grpc.netty.shaded.io.netty.channel.nio.AbstractNioChannel$AbstractNioUnsafe.finishConnect(AbstractNioChannel.java:334) ~[nacos-client-2.2.1.jar:na]
	at com.alibaba.nacos.shaded.io.grpc.netty.shaded.io.netty.channel.nio.NioEventLoop.processSelectedKey(NioEventLoop.java:710) ~[nacos-client-2.2.1.jar:na]
	at com.alibaba.nacos.shaded.io.grpc.netty.shaded.io.netty.channel.nio.NioEventLoop.processSelectedKeysOptimized(NioEventLoop.java:658) ~[nacos-client-2.2.1.jar:na]
	at com.alibaba.nacos.shaded.io.grpc.netty.shaded.io.netty.channel.nio.NioEventLoop.processSelectedKeys(NioEventLoop.java:584) ~[nacos-client-2.2.1.jar:na]
	at com.alibaba.nacos.shaded.io.grpc.netty.shaded.io.netty.channel.nio.NioEventLoop.run(NioEventLoop.java:496) ~[nacos-client-2.2.1.jar:na]
	at com.alibaba.nacos.shaded.io.grpc.netty.shaded.io.netty.util.concurrent.SingleThreadEventExecutor$4.run(SingleThreadEventExecutor.java:997) ~[nacos-client-2.2.1.jar:na]
	at com.alibaba.nacos.shaded.io.grpc.netty.shaded.io.netty.util.internal.ThreadExecutorMap$2.run(ThreadExecutorMap.java:74) ~[nacos-client-2.2.1.jar:na]
	at com.alibaba.nacos.shaded.io.grpc.netty.shaded.io.netty.util.concurrent.FastThreadLocalRunnable.run(FastThreadLocalRunnable.java:30) ~[nacos-client-2.2.1.jar:na]
	at java.base/java.lang.Thread.run(Thread.java:840) ~[na:na]

2026-03-13T15:55:33.105+08:00  INFO 39528 --- [com.alibaba.nacos.client.remote.worker] com.alibaba.nacos.common.remote.client   : [902fb123-8452-43f3-b4d5-aa3097eddab5_config-0] Fail to connect server, after trying 4 times, last try server is {serverIp = '127.0.0.1', server main port = 8848}, error = unknown
2026-03-13T15:55:33.576+08:00  INFO 39528 --- [main] .s.d.r.c.RepositoryConfigurationDelegate : Multiple Spring Data modules found, entering strict repository configuration mode
2026-03-13T15:55:33.578+08:00  INFO 39528 --- [main] .s.d.r.c.RepositoryConfigurationDelegate : Bootstrapping Spring Data Redis repositories in DEFAULT mode.
2026-03-13T15:55:33.609+08:00  INFO 39528 --- [main] .s.d.r.c.RepositoryConfigurationDelegate : Finished Spring Data repository scanning in 16 ms. Found 0 Redis repository interfaces.
2026-03-13T15:55:33.619+08:00  INFO 39528 --- [com.alibaba.nacos.client.remote.worker] c.a.n.c.remote.client.grpc.GrpcClient    : grpc client connection server:127.0.0.1 ip,serverPort:9848,grpcTslConfig:{"sslProvider":"OPENSSL","enableTls":false,"mutualAuthEnable":false,"trustAll":false}
2026-03-13T15:55:33.626+08:00 ERROR 39528 --- [com.alibaba.nacos.client.remote.worker] c.a.n.c.remote.client.grpc.GrpcClient    : Server check fail, please check server 127.0.0.1 ,port 9848 is available , error ={}

java.util.concurrent.ExecutionException: com.alibaba.nacos.shaded.io.grpc.StatusRuntimeException: UNAVAILABLE: io exception
	at com.alibaba.nacos.shaded.com.google.common.util.concurrent.AbstractFuture.getDoneValue(AbstractFuture.java:566) ~[nacos-client-2.2.1.jar:na]
	at com.alibaba.nacos.shaded.com.google.common.util.concurrent.AbstractFuture.get(AbstractFuture.java:445) ~[nacos-client-2.2.1.jar:na]
	at com.alibaba.nacos.common.remote.client.grpc.GrpcClient.serverCheck(GrpcClient.java:218) ~[nacos-client-2.2.1.jar:na]
	at com.alibaba.nacos.common.remote.client.grpc.GrpcClient.connectToServer(GrpcClient.java:329) ~[nacos-client-2.2.1.jar:na]
	at com.alibaba.nacos.common.remote.client.RpcClient.reconnect(RpcClient.java:502) ~[nacos-client-2.2.1.jar:na]
	at com.alibaba.nacos.common.remote.client.RpcClient.lambda$start$2(RpcClient.java:343) ~[nacos-client-2.2.1.jar:na]
	at java.base/java.util.concurrent.Executors$RunnableAdapter.call(Executors.java:539) ~[na:na]
	at java.base/java.util.concurrent.FutureTask.run(FutureTask.java:264) ~[na:na]
	at java.base/java.util.concurrent.ScheduledThreadPoolExecutor$ScheduledFutureTask.run(ScheduledThreadPoolExecutor.java:304) ~[na:na]
	at java.base/java.util.concurrent.ThreadPoolExecutor.runWorker(ThreadPoolExecutor.java:1136) ~[na:na]
	at java.base/java.util.concurrent.ThreadPoolExecutor$Worker.run(ThreadPoolExecutor.java:635) ~[na:na]
	at java.base/java.lang.Thread.run(Thread.java:840) ~[na:na]
Caused by: com.alibaba.nacos.shaded.io.grpc.StatusRuntimeException: UNAVAILABLE: io exception
	at com.alibaba.nacos.shaded.io.grpc.Status.asRuntimeException(Status.java:539) ~[nacos-client-2.2.1.jar:na]
	at com.alibaba.nacos.shaded.io.grpc.stub.ClientCalls$UnaryStreamToFuture.onClose(ClientCalls.java:544) ~[nacos-client-2.2.1.jar:na]
	at com.alibaba.nacos.shaded.io.grpc.internal.DelayedClientCall$DelayedListener$3.run(DelayedClientCall.java:471) ~[nacos-client-2.2.1.jar:na]
	at com.alibaba.nacos.shaded.io.grpc.internal.DelayedClientCall$DelayedListener.delayOrExecute(DelayedClientCall.java:435) ~[nacos-client-2.2.1.jar:na]
	at com.alibaba.nacos.shaded.io.grpc.internal.DelayedClientCall$DelayedListener.onClose(DelayedClientCall.java:468) ~[nacos-client-2.2.1.jar:na]
	at com.alibaba.nacos.shaded.io.grpc.internal.ClientCallImpl.closeObserver(ClientCallImpl.java:563) ~[nacos-client-2.2.1.jar:na]
	at com.alibaba.nacos.shaded.io.grpc.internal.ClientCallImpl.access$300(ClientCallImpl.java:70) ~[nacos-client-2.2.1.jar:na]
	at com.alibaba.nacos.shaded.io.grpc.internal.ClientCallImpl$ClientStreamListenerImpl$1StreamClosed.runInternal(ClientCallImpl.java:744) ~[nacos-client-2.2.1.jar:na]
	at com.alibaba.nacos.shaded.io.grpc.internal.ClientCallImpl$ClientStreamListenerImpl$1StreamClosed.runInContext(ClientCallImpl.java:723) ~[nacos-client-2.2.1.jar:na]
	at com.alibaba.nacos.shaded.io.grpc.internal.ContextRunnable.run(ContextRunnable.java:37) ~[nacos-client-2.2.1.jar:na]
	at com.alibaba.nacos.shaded.io.grpc.internal.SerializingExecutor.run(SerializingExecutor.java:133) ~[nacos-client-2.2.1.jar:na]
	... 3 common frames omitted
Caused by: com.alibaba.nacos.shaded.io.grpc.netty.shaded.io.netty.channel.AbstractChannel$AnnotatedConnectException: Connection refused: getsockopt: /127.0.0.1:9848
Caused by: java.net.ConnectException: Connection refused: getsockopt
	at java.base/sun.nio.ch.Net.pollConnect(Native Method) ~[na:na]
	at java.base/sun.nio.ch.Net.pollConnectNow(Net.java:672) ~[na:na]
	at java.base/sun.nio.ch.SocketChannelImpl.finishConnect(SocketChannelImpl.java:946) ~[na:na]
	at com.alibaba.nacos.shaded.io.grpc.netty.shaded.io.netty.channel.socket.nio.NioSocketChannel.doFinishConnect(NioSocketChannel.java:337) ~[nacos-client-2.2.1.jar:na]
	at com.alibaba.nacos.shaded.io.grpc.netty.shaded.io.netty.channel.nio.AbstractNioChannel$AbstractNioUnsafe.finishConnect(AbstractNioChannel.java:334) ~[nacos-client-2.2.1.jar:na]
	at com.alibaba.nacos.shaded.io.grpc.netty.shaded.io.netty.channel.nio.NioEventLoop.processSelectedKey(NioEventLoop.java:710) ~[nacos-client-2.2.1.jar:na]
	at com.alibaba.nacos.shaded.io.grpc.netty.shaded.io.netty.channel.nio.NioEventLoop.processSelectedKeysOptimized(NioEventLoop.java:658) ~[nacos-client-2.2.1.jar:na]
	at com.alibaba.nacos.shaded.io.grpc.netty.shaded.io.netty.channel.nio.NioEventLoop.processSelectedKeys(NioEventLoop.java:584) ~[nacos-client-2.2.1.jar:na]
	at com.alibaba.nacos.shaded.io.grpc.netty.shaded.io.netty.channel.nio.NioEventLoop.run(NioEventLoop.java:496) ~[nacos-client-2.2.1.jar:na]
	at com.alibaba.nacos.shaded.io.grpc.netty.shaded.io.netty.util.concurrent.SingleThreadEventExecutor$4.run(SingleThreadEventExecutor.java:997) ~[nacos-client-2.2.1.jar:na]
	at com.alibaba.nacos.shaded.io.grpc.netty.shaded.io.netty.util.internal.ThreadExecutorMap$2.run(ThreadExecutorMap.java:74) ~[nacos-client-2.2.1.jar:na]
	at com.alibaba.nacos.shaded.io.grpc.netty.shaded.io.netty.util.concurrent.FastThreadLocalRunnable.run(FastThreadLocalRunnable.java:30) ~[nacos-client-2.2.1.jar:na]
	at java.base/java.lang.Thread.run(Thread.java:840) ~[na:na]

2026-03-13T15:55:33.627+08:00  INFO 39528 --- [com.alibaba.nacos.client.remote.worker] com.alibaba.nacos.common.remote.client   : [902fb123-8452-43f3-b4d5-aa3097eddab5_config-0] Fail to connect server, after trying 5 times, last try server is {serverIp = '127.0.0.1', server main port = 8848}, error = unknown
2026-03-13T15:55:33.931+08:00  INFO 39528 --- [main] o.s.cloud.context.scope.GenericScope     : BeanFactory id=9d62621a-dd60-30db-a606-53fe5b12c676
2026-03-13T15:55:33.998+08:00  INFO 39528 --- [main] trationDelegate$BeanPostProcessorChecker : Bean 'org.springframework.cloud.client.loadbalancer.reactive.LoadBalancerBeanPostProcessorAutoConfiguration' of type [org.springframework.cloud.client.loadbalancer.reactive.LoadBalancerBeanPostProcessorAutoConfiguration] is not eligible for getting processed by all BeanPostProcessors (for example: not eligible for auto-proxying)
2026-03-13T15:55:33.999+08:00  INFO 39528 --- [main] trationDelegate$BeanPostProcessorChecker : Bean 'org.springframework.cloud.client.loadbalancer.reactive.LoadBalancerBeanPostProcessorAutoConfiguration$ReactorDeferringLoadBalancerFilterConfig' of type [org.springframework.cloud.client.loadbalancer.reactive.LoadBalancerBeanPostProcessorAutoConfiguration$ReactorDeferringLoadBalancerFilterConfig] is not eligible for getting processed by all BeanPostProcessors (for example: not eligible for auto-proxying)
2026-03-13T15:55:34.001+08:00  INFO 39528 --- [main] trationDelegate$BeanPostProcessorChecker : Bean 'reactorDeferringLoadBalancerExchangeFilterFunction' of type [org.springframework.cloud.client.loadbalancer.reactive.DeferringLoadBalancerExchangeFilterFunction] is not eligible for getting processed by all BeanPostProcessors (for example: not eligible for auto-proxying)
2026-03-13T15:55:34.229+08:00  INFO 39528 --- [com.alibaba.nacos.client.remote.worker] c.a.n.c.remote.client.grpc.GrpcClient    : grpc client connection server:127.0.0.1 ip,serverPort:9848,grpcTslConfig:{"sslProvider":"OPENSSL","enableTls":false,"mutualAuthEnable":false,"trustAll":false}
2026-03-13T15:55:34.234+08:00 ERROR 39528 --- [com.alibaba.nacos.client.remote.worker] c.a.n.c.remote.client.grpc.GrpcClient    : Server check fail, please check server 127.0.0.1 ,port 9848 is available , error ={}

java.util.concurrent.ExecutionException: com.alibaba.nacos.shaded.io.grpc.StatusRuntimeException: UNAVAILABLE: io exception
	at com.alibaba.nacos.shaded.com.google.common.util.concurrent.AbstractFuture.getDoneValue(AbstractFuture.java:566) ~[nacos-client-2.2.1.jar:na]
	at com.alibaba.nacos.shaded.com.google.common.util.concurrent.AbstractFuture.get(AbstractFuture.java:445) ~[nacos-client-2.2.1.jar:na]
	at com.alibaba.nacos.common.remote.client.grpc.GrpcClient.serverCheck(GrpcClient.java:218) ~[nacos-client-2.2.1.jar:na]
	at com.alibaba.nacos.common.remote.client.grpc.GrpcClient.connectToServer(GrpcClient.java:329) ~[nacos-client-2.2.1.jar:na]
	at com.alibaba.nacos.common.remote.client.RpcClient.reconnect(RpcClient.java:502) ~[nacos-client-2.2.1.jar:na]
	at com.alibaba.nacos.common.remote.client.RpcClient.lambda$start$2(RpcClient.java:343) ~[nacos-client-2.2.1.jar:na]
	at java.base/java.util.concurrent.Executors$RunnableAdapter.call(Executors.java:539) ~[na:na]
	at java.base/java.util.concurrent.FutureTask.run(FutureTask.java:264) ~[na:na]
	at java.base/java.util.concurrent.ScheduledThreadPoolExecutor$ScheduledFutureTask.run(ScheduledThreadPoolExecutor.java:304) ~[na:na]
	at java.base/java.util.concurrent.ThreadPoolExecutor.runWorker(ThreadPoolExecutor.java:1136) ~[na:na]
	at java.base/java.util.concurrent.ThreadPoolExecutor$Worker.run(ThreadPoolExecutor.java:635) ~[na:na]
	at java.base/java.lang.Thread.run(Thread.java:840) ~[na:na]
Caused by: com.alibaba.nacos.shaded.io.grpc.StatusRuntimeException: UNAVAILABLE: io exception
	at com.alibaba.nacos.shaded.io.grpc.Status.asRuntimeException(Status.java:539) ~[nacos-client-2.2.1.jar:na]
	at com.alibaba.nacos.shaded.io.grpc.stub.ClientCalls$UnaryStreamToFuture.onClose(ClientCalls.java:544) ~[nacos-client-2.2.1.jar:na]
	at com.alibaba.nacos.shaded.io.grpc.internal.DelayedClientCall$DelayedListener$3.run(DelayedClientCall.java:471) ~[nacos-client-2.2.1.jar:na]
	at com.alibaba.nacos.shaded.io.grpc.internal.DelayedClientCall$DelayedListener.delayOrExecute(DelayedClientCall.java:435) ~[nacos-client-2.2.1.jar:na]
	at com.alibaba.nacos.shaded.io.grpc.internal.DelayedClientCall$DelayedListener.onClose(DelayedClientCall.java:468) ~[nacos-client-2.2.1.jar:na]
	at com.alibaba.nacos.shaded.io.grpc.internal.ClientCallImpl.closeObserver(ClientCallImpl.java:563) ~[nacos-client-2.2.1.jar:na]
	at com.alibaba.nacos.shaded.io.grpc.internal.ClientCallImpl.access$300(ClientCallImpl.java:70) ~[nacos-client-2.2.1.jar:na]
	at com.alibaba.nacos.shaded.io.grpc.internal.ClientCallImpl$ClientStreamListenerImpl$1StreamClosed.runInternal(ClientCallImpl.java:744) ~[nacos-client-2.2.1.jar:na]
	at com.alibaba.nacos.shaded.io.grpc.internal.ClientCallImpl$ClientStreamListenerImpl$1StreamClosed.runInContext(ClientCallImpl.java:723) ~[nacos-client-2.2.1.jar:na]
	at com.alibaba.nacos.shaded.io.grpc.internal.ContextRunnable.run(ContextRunnable.java:37) ~[nacos-client-2.2.1.jar:na]
	at com.alibaba.nacos.shaded.io.grpc.internal.SerializingExecutor.run(SerializingExecutor.java:133) ~[nacos-client-2.2.1.jar:na]
	... 3 common frames omitted
Caused by: com.alibaba.nacos.shaded.io.grpc.netty.shaded.io.netty.channel.AbstractChannel$AnnotatedConnectException: Connection refused: getsockopt: /127.0.0.1:9848
Caused by: java.net.ConnectException: Connection refused: getsockopt
	at java.base/sun.nio.ch.Net.pollConnect(Native Method) ~[na:na]
	at java.base/sun.nio.ch.Net.pollConnectNow(Net.java:672) ~[na:na]
	at java.base/sun.nio.ch.SocketChannelImpl.finishConnect(SocketChannelImpl.java:946) ~[na:na]
	at com.alibaba.nacos.shaded.io.grpc.netty.shaded.io.netty.channel.socket.nio.NioSocketChannel.doFinishConnect(NioSocketChannel.java:337) ~[nacos-client-2.2.1.jar:na]
	at com.alibaba.nacos.shaded.io.grpc.netty.shaded.io.netty.channel.nio.AbstractNioChannel$AbstractNioUnsafe.finishConnect(AbstractNioChannel.java:334) ~[nacos-client-2.2.1.jar:na]
	at com.alibaba.nacos.shaded.io.grpc.netty.shaded.io.netty.channel.nio.NioEventLoop.processSelectedKey(NioEventLoop.java:710) ~[nacos-client-2.2.1.jar:na]
	at com.alibaba.nacos.shaded.io.grpc.netty.shaded.io.netty.channel.nio.NioEventLoop.processSelectedKeysOptimized(NioEventLoop.java:658) ~[nacos-client-2.2.1.jar:na]
	at com.alibaba.nacos.shaded.io.grpc.netty.shaded.io.netty.channel.nio.NioEventLoop.processSelectedKeys(NioEventLoop.java:584) ~[nacos-client-2.2.1.jar:na]
	at com.alibaba.nacos.shaded.io.grpc.netty.shaded.io.netty.channel.nio.NioEventLoop.run(NioEventLoop.java:496) ~[nacos-client-2.2.1.jar:na]
	at com.alibaba.nacos.shaded.io.grpc.netty.shaded.io.netty.util.concurrent.SingleThreadEventExecutor$4.run(SingleThreadEventExecutor.java:997) ~[nacos-client-2.2.1.jar:na]
	at com.alibaba.nacos.shaded.io.grpc.netty.shaded.io.netty.util.internal.ThreadExecutorMap$2.run(ThreadExecutorMap.java:74) ~[nacos-client-2.2.1.jar:na]
	at com.alibaba.nacos.shaded.io.grpc.netty.shaded.io.netty.util.concurrent.FastThreadLocalRunnable.run(FastThreadLocalRunnable.java:30) ~[nacos-client-2.2.1.jar:na]
	at java.base/java.lang.Thread.run(Thread.java:840) ~[na:na]

2026-03-13T15:55:34.236+08:00  INFO 39528 --- [com.alibaba.nacos.client.remote.worker] com.alibaba.nacos.common.remote.client   : [902fb123-8452-43f3-b4d5-aa3097eddab5_config-0] Fail to connect server, after trying 6 times, last try server is {serverIp = '127.0.0.1', server main port = 8848}, error = unknown
2026-03-13T15:55:34.950+08:00  INFO 39528 --- [com.alibaba.nacos.client.remote.worker] c.a.n.c.remote.client.grpc.GrpcClient    : grpc client connection server:127.0.0.1 ip,serverPort:9848,grpcTslConfig:{"sslProvider":"OPENSSL","enableTls":false,"mutualAuthEnable":false,"trustAll":false}
2026-03-13T15:55:34.956+08:00 ERROR 39528 --- [com.alibaba.nacos.client.remote.worker] c.a.n.c.remote.client.grpc.GrpcClient    : Server check fail, please check server 127.0.0.1 ,port 9848 is available , error ={}

java.util.concurrent.ExecutionException: com.alibaba.nacos.shaded.io.grpc.StatusRuntimeException: UNAVAILABLE: io exception
	at com.alibaba.nacos.shaded.com.google.common.util.concurrent.AbstractFuture.getDoneValue(AbstractFuture.java:566) ~[nacos-client-2.2.1.jar:na]
	at com.alibaba.nacos.shaded.com.google.common.util.concurrent.AbstractFuture.get(AbstractFuture.java:445) ~[nacos-client-2.2.1.jar:na]
	at com.alibaba.nacos.common.remote.client.grpc.GrpcClient.serverCheck(GrpcClient.java:218) ~[nacos-client-2.2.1.jar:na]
	at com.alibaba.nacos.common.remote.client.grpc.GrpcClient.connectToServer(GrpcClient.java:329) ~[nacos-client-2.2.1.jar:na]
	at com.alibaba.nacos.common.remote.client.RpcClient.reconnect(RpcClient.java:502) ~[nacos-client-2.2.1.jar:na]
	at com.alibaba.nacos.common.remote.client.RpcClient.lambda$start$2(RpcClient.java:343) ~[nacos-client-2.2.1.jar:na]
	at java.base/java.util.concurrent.Executors$RunnableAdapter.call(Executors.java:539) ~[na:na]
	at java.base/java.util.concurrent.FutureTask.run(FutureTask.java:264) ~[na:na]
	at java.base/java.util.concurrent.ScheduledThreadPoolExecutor$ScheduledFutureTask.run(ScheduledThreadPoolExecutor.java:304) ~[na:na]
	at java.base/java.util.concurrent.ThreadPoolExecutor.runWorker(ThreadPoolExecutor.java:1136) ~[na:na]
	at java.base/java.util.concurrent.ThreadPoolExecutor$Worker.run(ThreadPoolExecutor.java:635) ~[na:na]
	at java.base/java.lang.Thread.run(Thread.java:840) ~[na:na]
Caused by: com.alibaba.nacos.shaded.io.grpc.StatusRuntimeException: UNAVAILABLE: io exception
	at com.alibaba.nacos.shaded.io.grpc.Status.asRuntimeException(Status.java:539) ~[nacos-client-2.2.1.jar:na]
	at com.alibaba.nacos.shaded.io.grpc.stub.ClientCalls$UnaryStreamToFuture.onClose(ClientCalls.java:544) ~[nacos-client-2.2.1.jar:na]
	at com.alibaba.nacos.shaded.io.grpc.internal.DelayedClientCall$DelayedListener$3.run(DelayedClientCall.java:471) ~[nacos-client-2.2.1.jar:na]
	at com.alibaba.nacos.shaded.io.grpc.internal.DelayedClientCall$DelayedListener.delayOrExecute(DelayedClientCall.java:435) ~[nacos-client-2.2.1.jar:na]
	at com.alibaba.nacos.shaded.io.grpc.internal.DelayedClientCall$DelayedListener.onClose(DelayedClientCall.java:468) ~[nacos-client-2.2.1.jar:na]
	at com.alibaba.nacos.shaded.io.grpc.internal.ClientCallImpl.closeObserver(ClientCallImpl.java:563) ~[nacos-client-2.2.1.jar:na]
	at com.alibaba.nacos.shaded.io.grpc.internal.ClientCallImpl.access$300(ClientCallImpl.java:70) ~[nacos-client-2.2.1.jar:na]
	at com.alibaba.nacos.shaded.io.grpc.internal.ClientCallImpl$ClientStreamListenerImpl$1StreamClosed.runInternal(ClientCallImpl.java:744) ~[nacos-client-2.2.1.jar:na]
	at com.alibaba.nacos.shaded.io.grpc.internal.ClientCallImpl$ClientStreamListenerImpl$1StreamClosed.runInContext(ClientCallImpl.java:723) ~[nacos-client-2.2.1.jar:na]
	at com.alibaba.nacos.shaded.io.grpc.internal.ContextRunnable.run(ContextRunnable.java:37) ~[nacos-client-2.2.1.jar:na]
	at com.alibaba.nacos.shaded.io.grpc.internal.SerializingExecutor.run(SerializingExecutor.java:133) ~[nacos-client-2.2.1.jar:na]
	... 3 common frames omitted
Caused by: com.alibaba.nacos.shaded.io.grpc.netty.shaded.io.netty.channel.AbstractChannel$AnnotatedConnectException: Connection refused: getsockopt: /127.0.0.1:9848
Caused by: java.net.ConnectException: Connection refused: getsockopt
	at java.base/sun.nio.ch.Net.pollConnect(Native Method) ~[na:na]
	at java.base/sun.nio.ch.Net.pollConnectNow(Net.java:672) ~[na:na]
	at java.base/sun.nio.ch.SocketChannelImpl.finishConnect(SocketChannelImpl.java:946) ~[na:na]
	at com.alibaba.nacos.shaded.io.grpc.netty.shaded.io.netty.channel.socket.nio.NioSocketChannel.doFinishConnect(NioSocketChannel.java:337) ~[nacos-client-2.2.1.jar:na]
	at com.alibaba.nacos.shaded.io.grpc.netty.shaded.io.netty.channel.nio.AbstractNioChannel$AbstractNioUnsafe.finishConnect(AbstractNioChannel.java:334) ~[nacos-client-2.2.1.jar:na]
	at com.alibaba.nacos.shaded.io.grpc.netty.shaded.io.netty.channel.nio.NioEventLoop.processSelectedKey(NioEventLoop.java:710) ~[nacos-client-2.2.1.jar:na]
	at com.alibaba.nacos.shaded.io.grpc.netty.shaded.io.netty.channel.nio.NioEventLoop.processSelectedKeysOptimized(NioEventLoop.java:658) ~[nacos-client-2.2.1.jar:na]
	at com.alibaba.nacos.shaded.io.grpc.netty.shaded.io.netty.channel.nio.NioEventLoop.processSelectedKeys(NioEventLoop.java:584) ~[nacos-client-2.2.1.jar:na]
	at com.alibaba.nacos.shaded.io.grpc.netty.shaded.io.netty.channel.nio.NioEventLoop.run(NioEventLoop.java:496) ~[nacos-client-2.2.1.jar:na]
	at com.alibaba.nacos.shaded.io.grpc.netty.shaded.io.netty.util.concurrent.SingleThreadEventExecutor$4.run(SingleThreadEventExecutor.java:997) ~[nacos-client-2.2.1.jar:na]
	at com.alibaba.nacos.shaded.io.grpc.netty.shaded.io.netty.util.internal.ThreadExecutorMap$2.run(ThreadExecutorMap.java:74) ~[nacos-client-2.2.1.jar:na]
	at com.alibaba.nacos.shaded.io.grpc.netty.shaded.io.netty.util.concurrent.FastThreadLocalRunnable.run(FastThreadLocalRunnable.java:30) ~[nacos-client-2.2.1.jar:na]
	at java.base/java.lang.Thread.run(Thread.java:840) ~[na:na]

2026-03-13T15:55:34.957+08:00  INFO 39528 --- [com.alibaba.nacos.client.remote.worker] com.alibaba.nacos.common.remote.client   : [902fb123-8452-43f3-b4d5-aa3097eddab5_config-0] Fail to connect server, after trying 7 times, last try server is {serverIp = '127.0.0.1', server main port = 8848}, error = unknown
2026-03-13T15:55:35.762+08:00  INFO 39528 --- [com.alibaba.nacos.client.remote.worker] c.a.n.c.remote.client.grpc.GrpcClient    : grpc client connection server:127.0.0.1 ip,serverPort:9848,grpcTslConfig:{"sslProvider":"OPENSSL","enableTls":false,"mutualAuthEnable":false,"trustAll":false}
2026-03-13T15:55:35.772+08:00 ERROR 39528 --- [com.alibaba.nacos.client.remote.worker] c.a.n.c.remote.client.grpc.GrpcClient    : Server check fail, please check server 127.0.0.1 ,port 9848 is available , error ={}

java.util.concurrent.ExecutionException: com.alibaba.nacos.shaded.io.grpc.StatusRuntimeException: UNAVAILABLE: io exception
	at com.alibaba.nacos.shaded.com.google.common.util.concurrent.AbstractFuture.getDoneValue(AbstractFuture.java:566) ~[nacos-client-2.2.1.jar:na]
	at com.alibaba.nacos.shaded.com.google.common.util.concurrent.AbstractFuture.get(AbstractFuture.java:445) ~[nacos-client-2.2.1.jar:na]
	at com.alibaba.nacos.common.remote.client.grpc.GrpcClient.serverCheck(GrpcClient.java:218) ~[nacos-client-2.2.1.jar:na]
	at com.alibaba.nacos.common.remote.client.grpc.GrpcClient.connectToServer(GrpcClient.java:329) ~[nacos-client-2.2.1.jar:na]
	at com.alibaba.nacos.common.remote.client.RpcClient.reconnect(RpcClient.java:502) ~[nacos-client-2.2.1.jar:na]
	at com.alibaba.nacos.common.remote.client.RpcClient.lambda$start$2(RpcClient.java:343) ~[nacos-client-2.2.1.jar:na]
	at java.base/java.util.concurrent.Executors$RunnableAdapter.call(Executors.java:539) ~[na:na]
	at java.base/java.util.concurrent.FutureTask.run(FutureTask.java:264) ~[na:na]
	at java.base/java.util.concurrent.ScheduledThreadPoolExecutor$ScheduledFutureTask.run(ScheduledThreadPoolExecutor.java:304) ~[na:na]
	at java.base/java.util.concurrent.ThreadPoolExecutor.runWorker(ThreadPoolExecutor.java:1136) ~[na:na]
	at java.base/java.util.concurrent.ThreadPoolExecutor$Worker.run(ThreadPoolExecutor.java:635) ~[na:na]
	at java.base/java.lang.Thread.run(Thread.java:840) ~[na:na]
Caused by: com.alibaba.nacos.shaded.io.grpc.StatusRuntimeException: UNAVAILABLE: io exception
	at com.alibaba.nacos.shaded.io.grpc.Status.asRuntimeException(Status.java:539) ~[nacos-client-2.2.1.jar:na]
	at com.alibaba.nacos.shaded.io.grpc.stub.ClientCalls$UnaryStreamToFuture.onClose(ClientCalls.java:544) ~[nacos-client-2.2.1.jar:na]
	at com.alibaba.nacos.shaded.io.grpc.internal.DelayedClientCall$DelayedListener$3.run(DelayedClientCall.java:471) ~[nacos-client-2.2.1.jar:na]
	at com.alibaba.nacos.shaded.io.grpc.internal.DelayedClientCall$DelayedListener.delayOrExecute(DelayedClientCall.java:435) ~[nacos-client-2.2.1.jar:na]
	at com.alibaba.nacos.shaded.io.grpc.internal.DelayedClientCall$DelayedListener.onClose(DelayedClientCall.java:468) ~[nacos-client-2.2.1.jar:na]
	at com.alibaba.nacos.shaded.io.grpc.internal.ClientCallImpl.closeObserver(ClientCallImpl.java:563) ~[nacos-client-2.2.1.jar:na]
	at com.alibaba.nacos.shaded.io.grpc.internal.ClientCallImpl.access$300(ClientCallImpl.java:70) ~[nacos-client-2.2.1.jar:na]
	at com.alibaba.nacos.shaded.io.grpc.internal.ClientCallImpl$ClientStreamListenerImpl$1StreamClosed.runInternal(ClientCallImpl.java:744) ~[nacos-client-2.2.1.jar:na]
	at com.alibaba.nacos.shaded.io.grpc.internal.ClientCallImpl$ClientStreamListenerImpl$1StreamClosed.runInContext(ClientCallImpl.java:723) ~[nacos-client-2.2.1.jar:na]
	at com.alibaba.nacos.shaded.io.grpc.internal.ContextRunnable.run(ContextRunnable.java:37) ~[nacos-client-2.2.1.jar:na]
	at com.alibaba.nacos.shaded.io.grpc.internal.SerializingExecutor.run(SerializingExecutor.java:133) ~[nacos-client-2.2.1.jar:na]
	... 3 common frames omitted
Caused by: com.alibaba.nacos.shaded.io.grpc.netty.shaded.io.netty.channel.AbstractChannel$AnnotatedConnectException: Connection refused: getsockopt: /127.0.0.1:9848
Caused by: java.net.ConnectException: Connection refused: getsockopt
	at java.base/sun.nio.ch.Net.pollConnect(Native Method) ~[na:na]
	at java.base/sun.nio.ch.Net.pollConnectNow(Net.java:672) ~[na:na]
	at java.base/sun.nio.ch.SocketChannelImpl.finishConnect(SocketChannelImpl.java:946) ~[na:na]
	at com.alibaba.nacos.shaded.io.grpc.netty.shaded.io.netty.channel.socket.nio.NioSocketChannel.doFinishConnect(NioSocketChannel.java:337) ~[nacos-client-2.2.1.jar:na]
	at com.alibaba.nacos.shaded.io.grpc.netty.shaded.io.netty.channel.nio.AbstractNioChannel$AbstractNioUnsafe.finishConnect(AbstractNioChannel.java:334) ~[nacos-client-2.2.1.jar:na]
	at com.alibaba.nacos.shaded.io.grpc.netty.shaded.io.netty.channel.nio.NioEventLoop.processSelectedKey(NioEventLoop.java:710) ~[nacos-client-2.2.1.jar:na]
	at com.alibaba.nacos.shaded.io.grpc.netty.shaded.io.netty.channel.nio.NioEventLoop.processSelectedKeysOptimized(NioEventLoop.java:658) ~[nacos-client-2.2.1.jar:na]
	at com.alibaba.nacos.shaded.io.grpc.netty.shaded.io.netty.channel.nio.NioEventLoop.processSelectedKeys(NioEventLoop.java:584) ~[nacos-client-2.2.1.jar:na]
	at com.alibaba.nacos.shaded.io.grpc.netty.shaded.io.netty.channel.nio.NioEventLoop.run(NioEventLoop.java:496) ~[nacos-client-2.2.1.jar:na]
	at com.alibaba.nacos.shaded.io.grpc.netty.shaded.io.netty.util.concurrent.SingleThreadEventExecutor$4.run(SingleThreadEventExecutor.java:997) ~[nacos-client-2.2.1.jar:na]
	at com.alibaba.nacos.shaded.io.grpc.netty.shaded.io.netty.util.internal.ThreadExecutorMap$2.run(ThreadExecutorMap.java:74) ~[nacos-client-2.2.1.jar:na]
	at com.alibaba.nacos.shaded.io.grpc.netty.shaded.io.netty.util.concurrent.FastThreadLocalRunnable.run(FastThreadLocalRunnable.java:30) ~[nacos-client-2.2.1.jar:na]
	at java.base/java.lang.Thread.run(Thread.java:840) ~[na:na]

2026-03-13T15:55:35.772+08:00  INFO 39528 --- [com.alibaba.nacos.client.remote.worker] com.alibaba.nacos.common.remote.client   : [902fb123-8452-43f3-b4d5-aa3097eddab5_config-0] Fail to connect server, after trying 8 times, last try server is {serverIp = '127.0.0.1', server main port = 8848}, error = unknown
2026-03-13T15:55:35.884+08:00  INFO 39528 --- [main] o.s.c.g.r.RouteDefinitionRouteLocator    : Loaded RoutePredicateFactory [After]
2026-03-13T15:55:35.884+08:00  INFO 39528 --- [main] o.s.c.g.r.RouteDefinitionRouteLocator    : Loaded RoutePredicateFactory [Before]
2026-03-13T15:55:35.884+08:00  INFO 39528 --- [main] o.s.c.g.r.RouteDefinitionRouteLocator    : Loaded RoutePredicateFactory [Between]
2026-03-13T15:55:35.884+08:00  INFO 39528 --- [main] o.s.c.g.r.RouteDefinitionRouteLocator    : Loaded RoutePredicateFactory [Cookie]
2026-03-13T15:55:35.884+08:00  INFO 39528 --- [main] o.s.c.g.r.RouteDefinitionRouteLocator    : Loaded RoutePredicateFactory [Header]
2026-03-13T15:55:35.884+08:00  INFO 39528 --- [main] o.s.c.g.r.RouteDefinitionRouteLocator    : Loaded RoutePredicateFactory [Host]
2026-03-13T15:55:35.884+08:00  INFO 39528 --- [main] o.s.c.g.r.RouteDefinitionRouteLocator    : Loaded RoutePredicateFactory [Method]
2026-03-13T15:55:35.884+08:00  INFO 39528 --- [main] o.s.c.g.r.RouteDefinitionRouteLocator    : Loaded RoutePredicateFactory [Path]
2026-03-13T15:55:35.884+08:00  INFO 39528 --- [main] o.s.c.g.r.RouteDefinitionRouteLocator    : Loaded RoutePredicateFactory [Query]
2026-03-13T15:55:35.884+08:00  INFO 39528 --- [main] o.s.c.g.r.RouteDefinitionRouteLocator    : Loaded RoutePredicateFactory [ReadBody]
2026-03-13T15:55:35.884+08:00  INFO 39528 --- [main] o.s.c.g.r.RouteDefinitionRouteLocator    : Loaded RoutePredicateFactory [RemoteAddr]
2026-03-13T15:55:35.884+08:00  INFO 39528 --- [main] o.s.c.g.r.RouteDefinitionRouteLocator    : Loaded RoutePredicateFactory [XForwardedRemoteAddr]
2026-03-13T15:55:35.884+08:00  INFO 39528 --- [main] o.s.c.g.r.RouteDefinitionRouteLocator    : Loaded RoutePredicateFactory [Weight]
2026-03-13T15:55:35.884+08:00  INFO 39528 --- [main] o.s.c.g.r.RouteDefinitionRouteLocator    : Loaded RoutePredicateFactory [CloudFoundryRouteService]
2026-03-13T15:55:36.417+08:00  INFO 39528 --- [main] o.s.b.a.e.web.EndpointLinksResolver      : Exposing 4 endpoint(s) beneath base path '/actuator'
2026-03-13T15:55:36.666+08:00  WARN 39528 --- [main] iguration$LoadBalancerCaffeineWarnLogger : Spring Cloud LoadBalancer is currently working with the default cache. While this cache implementation is useful for development and tests, it's recommended to use Caffeine cache in production.You can switch to using Caffeine cache, by adding it and org.springframework.cache.caffeine.CaffeineCacheManager to the classpath.
2026-03-13T15:55:36.683+08:00  INFO 39528 --- [com.alibaba.nacos.client.remote.worker] c.a.n.c.remote.client.grpc.GrpcClient    : grpc client connection server:127.0.0.1 ip,serverPort:9848,grpcTslConfig:{"sslProvider":"OPENSSL","enableTls":false,"mutualAuthEnable":false,"trustAll":false}
2026-03-13T15:55:36.687+08:00 ERROR 39528 --- [com.alibaba.nacos.client.remote.worker] c.a.n.c.remote.client.grpc.GrpcClient    : Server check fail, please check server 127.0.0.1 ,port 9848 is available , error ={}

java.util.concurrent.ExecutionException: com.alibaba.nacos.shaded.io.grpc.StatusRuntimeException: UNAVAILABLE: io exception
	at com.alibaba.nacos.shaded.com.google.common.util.concurrent.AbstractFuture.getDoneValue(AbstractFuture.java:566) ~[nacos-client-2.2.1.jar:na]
	at com.alibaba.nacos.shaded.com.google.common.util.concurrent.AbstractFuture.get(AbstractFuture.java:445) ~[nacos-client-2.2.1.jar:na]
	at com.alibaba.nacos.common.remote.client.grpc.GrpcClient.serverCheck(GrpcClient.java:218) ~[nacos-client-2.2.1.jar:na]
	at com.alibaba.nacos.common.remote.client.grpc.GrpcClient.connectToServer(GrpcClient.java:329) ~[nacos-client-2.2.1.jar:na]
	at com.alibaba.nacos.common.remote.client.RpcClient.reconnect(RpcClient.java:502) ~[nacos-client-2.2.1.jar:na]
	at com.alibaba.nacos.common.remote.client.RpcClient.lambda$start$2(RpcClient.java:343) ~[nacos-client-2.2.1.jar:na]
	at java.base/java.util.concurrent.Executors$RunnableAdapter.call(Executors.java:539) ~[na:na]
	at java.base/java.util.concurrent.FutureTask.run(FutureTask.java:264) ~[na:na]
	at java.base/java.util.concurrent.ScheduledThreadPoolExecutor$ScheduledFutureTask.run(ScheduledThreadPoolExecutor.java:304) ~[na:na]
	at java.base/java.util.concurrent.ThreadPoolExecutor.runWorker(ThreadPoolExecutor.java:1136) ~[na:na]
	at java.base/java.util.concurrent.ThreadPoolExecutor$Worker.run(ThreadPoolExecutor.java:635) ~[na:na]
	at java.base/java.lang.Thread.run(Thread.java:840) ~[na:na]
Caused by: com.alibaba.nacos.shaded.io.grpc.StatusRuntimeException: UNAVAILABLE: io exception
	at com.alibaba.nacos.shaded.io.grpc.Status.asRuntimeException(Status.java:539) ~[nacos-client-2.2.1.jar:na]
	at com.alibaba.nacos.shaded.io.grpc.stub.ClientCalls$UnaryStreamToFuture.onClose(ClientCalls.java:544) ~[nacos-client-2.2.1.jar:na]
	at com.alibaba.nacos.shaded.io.grpc.internal.DelayedClientCall$DelayedListener$3.run(DelayedClientCall.java:471) ~[nacos-client-2.2.1.jar:na]
	at com.alibaba.nacos.shaded.io.grpc.internal.DelayedClientCall$DelayedListener.delayOrExecute(DelayedClientCall.java:435) ~[nacos-client-2.2.1.jar:na]
	at com.alibaba.nacos.shaded.io.grpc.internal.DelayedClientCall$DelayedListener.onClose(DelayedClientCall.java:468) ~[nacos-client-2.2.1.jar:na]
	at com.alibaba.nacos.shaded.io.grpc.internal.ClientCallImpl.closeObserver(ClientCallImpl.java:563) ~[nacos-client-2.2.1.jar:na]
	at com.alibaba.nacos.shaded.io.grpc.internal.ClientCallImpl.access$300(ClientCallImpl.java:70) ~[nacos-client-2.2.1.jar:na]
	at com.alibaba.nacos.shaded.io.grpc.internal.ClientCallImpl$ClientStreamListenerImpl$1StreamClosed.runInternal(ClientCallImpl.java:744) ~[nacos-client-2.2.1.jar:na]
	at com.alibaba.nacos.shaded.io.grpc.internal.ClientCallImpl$ClientStreamListenerImpl$1StreamClosed.runInContext(ClientCallImpl.java:723) ~[nacos-client-2.2.1.jar:na]
	at com.alibaba.nacos.shaded.io.grpc.internal.ContextRunnable.run(ContextRunnable.java:37) ~[nacos-client-2.2.1.jar:na]
	at com.alibaba.nacos.shaded.io.grpc.internal.SerializingExecutor.run(SerializingExecutor.java:133) ~[nacos-client-2.2.1.jar:na]
	... 3 common frames omitted
Caused by: com.alibaba.nacos.shaded.io.grpc.netty.shaded.io.netty.channel.AbstractChannel$AnnotatedConnectException: Connection refused: getsockopt: /127.0.0.1:9848
Caused by: java.net.ConnectException: Connection refused: getsockopt
	at java.base/sun.nio.ch.Net.pollConnect(Native Method) ~[na:na]
	at java.base/sun.nio.ch.Net.pollConnectNow(Net.java:672) ~[na:na]
	at java.base/sun.nio.ch.SocketChannelImpl.finishConnect(SocketChannelImpl.java:946) ~[na:na]
	at com.alibaba.nacos.shaded.io.grpc.netty.shaded.io.netty.channel.socket.nio.NioSocketChannel.doFinishConnect(NioSocketChannel.java:337) ~[nacos-client-2.2.1.jar:na]
	at com.alibaba.nacos.shaded.io.grpc.netty.shaded.io.netty.channel.nio.AbstractNioChannel$AbstractNioUnsafe.finishConnect(AbstractNioChannel.java:334) ~[nacos-client-2.2.1.jar:na]
	at com.alibaba.nacos.shaded.io.grpc.netty.shaded.io.netty.channel.nio.NioEventLoop.processSelectedKey(NioEventLoop.java:710) ~[nacos-client-2.2.1.jar:na]
	at com.alibaba.nacos.shaded.io.grpc.netty.shaded.io.netty.channel.nio.NioEventLoop.processSelectedKeysOptimized(NioEventLoop.java:658) ~[nacos-client-2.2.1.jar:na]
	at com.alibaba.nacos.shaded.io.grpc.netty.shaded.io.netty.channel.nio.NioEventLoop.processSelectedKeys(NioEventLoop.java:584) ~[nacos-client-2.2.1.jar:na]
	at com.alibaba.nacos.shaded.io.grpc.netty.shaded.io.netty.channel.nio.NioEventLoop.run(NioEventLoop.java:496) ~[nacos-client-2.2.1.jar:na]
	at com.alibaba.nacos.shaded.io.grpc.netty.shaded.io.netty.util.concurrent.SingleThreadEventExecutor$4.run(SingleThreadEventExecutor.java:997) ~[nacos-client-2.2.1.jar:na]
	at com.alibaba.nacos.shaded.io.grpc.netty.shaded.io.netty.util.internal.ThreadExecutorMap$2.run(ThreadExecutorMap.java:74) ~[nacos-client-2.2.1.jar:na]
	at com.alibaba.nacos.shaded.io.grpc.netty.shaded.io.netty.util.concurrent.FastThreadLocalRunnable.run(FastThreadLocalRunnable.java:30) ~[nacos-client-2.2.1.jar:na]
	at java.base/java.lang.Thread.run(Thread.java:840) ~[na:na]

2026-03-13T15:55:36.688+08:00  INFO 39528 --- [com.alibaba.nacos.client.remote.worker] com.alibaba.nacos.common.remote.client   : [902fb123-8452-43f3-b4d5-aa3097eddab5_config-0] Fail to connect server, after trying 9 times, last try server is {serverIp = '127.0.0.1', server main port = 8848}, error = unknown
2026-03-13T15:55:36.942+08:00  INFO 39528 --- [main] o.s.b.web.embedded.netty.NettyWebServer  : Netty started on port 8080
2026-03-13T15:55:37.450+08:00  WARN 39528 --- [main] c.a.c.n.registry.NacosServiceRegistry    : No service to register for nacos client...
2026-03-13T15:55:37.523+08:00  INFO 39528 --- [main] com.seckill.gateway.GatewayApplication   : Started GatewayApplication in 7.347 seconds (process running for 8.207)
2026-03-13T15:55:37.527+08:00  INFO 39528 --- [main] c.a.nacos.client.config.impl.CacheData   : nacos.cache.data.init.snapshot = true 
2026-03-13T15:55:37.528+08:00  INFO 39528 --- [main] c.a.n.client.config.impl.ClientWorker    : [fixed-127.0.0.1_8848] [subscribe] sk-gateway.yaml+DEFAULT_GROUP
2026-03-13T15:55:37.536+08:00  INFO 39528 --- [main] c.a.nacos.client.config.impl.CacheData   : [fixed-127.0.0.1_8848] [add-listener] ok, tenant=, dataId=sk-gateway.yaml, group=DEFAULT_GROUP, cnt=1
2026-03-13T15:55:37.536+08:00  INFO 39528 --- [main] c.a.c.n.refresh.NacosContextRefresher    : [Nacos Config] Listening config: dataId=sk-gateway.yaml, group=DEFAULT_GROUP
2026-03-13T15:55:37.649+08:00 ERROR 39528 --- [com.alibaba.nacos.client.Worker] com.alibaba.nacos.common.remote.client   : Send request fail, request = ConfigBatchListenRequest{headers={charset=UTF-8, Client-AppName=unknown, Client-RequestToken=fe037dfe9ac8c87f5dfc48cc123414d4, Client-RequestTS=1773388537536, exConfigInfo=true}, requestId='null'}, retryTimes = 0, errorMessage = Client not connected, current status:STARTING
2026-03-13T15:55:37.698+08:00  INFO 39528 --- [com.alibaba.nacos.client.remote.worker] c.a.n.c.remote.client.grpc.GrpcClient    : grpc client connection server:127.0.0.1 ip,serverPort:9848,grpcTslConfig:{"sslProvider":"OPENSSL","enableTls":false,"mutualAuthEnable":false,"trustAll":false}
2026-03-13T15:55:37.760+08:00 ERROR 39528 --- [com.alibaba.nacos.client.Worker] com.alibaba.nacos.common.remote.client   : Send request fail, request = ConfigBatchListenRequest{headers={charset=UTF-8, Client-AppName=unknown, Client-RequestToken=fe037dfe9ac8c87f5dfc48cc123414d4, Client-RequestTS=1773388537536, exConfigInfo=true}, requestId='null'}, retryTimes = 1, errorMessage = Client not connected, current status:STARTING
2026-03-13T15:55:37.814+08:00 ERROR 39528 --- [com.alibaba.nacos.client.remote.worker] c.a.n.c.remote.client.grpc.GrpcClient    : Server check fail, please check server 127.0.0.1 ,port 9848 is available , error ={}

java.util.concurrent.ExecutionException: com.alibaba.nacos.shaded.io.grpc.StatusRuntimeException: UNAVAILABLE: io exception
	at com.alibaba.nacos.shaded.com.google.common.util.concurrent.AbstractFuture.getDoneValue(AbstractFuture.java:566) ~[nacos-client-2.2.1.jar:na]
	at com.alibaba.nacos.shaded.com.google.common.util.concurrent.AbstractFuture.get(AbstractFuture.java:445) ~[nacos-client-2.2.1.jar:na]
	at com.alibaba.nacos.common.remote.client.grpc.GrpcClient.serverCheck(GrpcClient.java:218) ~[nacos-client-2.2.1.jar:na]
	at com.alibaba.nacos.common.remote.client.grpc.GrpcClient.connectToServer(GrpcClient.java:329) ~[nacos-client-2.2.1.jar:na]
	at com.alibaba.nacos.common.remote.client.RpcClient.reconnect(RpcClient.java:502) ~[nacos-client-2.2.1.jar:na]
	at com.alibaba.nacos.common.remote.client.RpcClient.lambda$start$2(RpcClient.java:343) ~[nacos-client-2.2.1.jar:na]
	at java.base/java.util.concurrent.Executors$RunnableAdapter.call(Executors.java:539) ~[na:na]
	at java.base/java.util.concurrent.FutureTask.run(FutureTask.java:264) ~[na:na]
	at java.base/java.util.concurrent.ScheduledThreadPoolExecutor$ScheduledFutureTask.run(ScheduledThreadPoolExecutor.java:304) ~[na:na]
	at java.base/java.util.concurrent.ThreadPoolExecutor.runWorker(ThreadPoolExecutor.java:1136) ~[na:na]
	at java.base/java.util.concurrent.ThreadPoolExecutor$Worker.run(ThreadPoolExecutor.java:635) ~[na:na]
	at java.base/java.lang.Thread.run(Thread.java:840) ~[na:na]
Caused by: com.alibaba.nacos.shaded.io.grpc.StatusRuntimeException: UNAVAILABLE: io exception
	at com.alibaba.nacos.shaded.io.grpc.Status.asRuntimeException(Status.java:539) ~[nacos-client-2.2.1.jar:na]
	at com.alibaba.nacos.shaded.io.grpc.stub.ClientCalls$UnaryStreamToFuture.onClose(ClientCalls.java:544) ~[nacos-client-2.2.1.jar:na]
	at com.alibaba.nacos.shaded.io.grpc.internal.DelayedClientCall$DelayedListener$3.run(DelayedClientCall.java:471) ~[nacos-client-2.2.1.jar:na]
	at com.alibaba.nacos.shaded.io.grpc.internal.DelayedClientCall$DelayedListener.delayOrExecute(DelayedClientCall.java:435) ~[nacos-client-2.2.1.jar:na]
	at com.alibaba.nacos.shaded.io.grpc.internal.DelayedClientCall$DelayedListener.onClose(DelayedClientCall.java:468) ~[nacos-client-2.2.1.jar:na]
	at com.alibaba.nacos.shaded.io.grpc.internal.ClientCallImpl.closeObserver(ClientCallImpl.java:563) ~[nacos-client-2.2.1.jar:na]
	at com.alibaba.nacos.shaded.io.grpc.internal.ClientCallImpl.access$300(ClientCallImpl.java:70) ~[nacos-client-2.2.1.jar:na]
	at com.alibaba.nacos.shaded.io.grpc.internal.ClientCallImpl$ClientStreamListenerImpl$1StreamClosed.runInternal(ClientCallImpl.java:744) ~[nacos-client-2.2.1.jar:na]
	at com.alibaba.nacos.shaded.io.grpc.internal.ClientCallImpl$ClientStreamListenerImpl$1StreamClosed.runInContext(ClientCallImpl.java:723) ~[nacos-client-2.2.1.jar:na]
	at com.alibaba.nacos.shaded.io.grpc.internal.ContextRunnable.run(ContextRunnable.java:37) ~[nacos-client-2.2.1.jar:na]
	at com.alibaba.nacos.shaded.io.grpc.internal.SerializingExecutor.run(SerializingExecutor.java:133) ~[nacos-client-2.2.1.jar:na]
	... 3 common frames omitted
Caused by: com.alibaba.nacos.shaded.io.grpc.netty.shaded.io.netty.channel.AbstractChannel$AnnotatedConnectException: Connection refused: getsockopt: /127.0.0.1:9848
Caused by: java.net.ConnectException: Connection refused: getsockopt
	at java.base/sun.nio.ch.Net.pollConnect(Native Method) ~[na:na]
	at java.base/sun.nio.ch.Net.pollConnectNow(Net.java:672) ~[na:na]
	at java.base/sun.nio.ch.SocketChannelImpl.finishConnect(SocketChannelImpl.java:946) ~[na:na]
	at com.alibaba.nacos.shaded.io.grpc.netty.shaded.io.netty.channel.socket.nio.NioSocketChannel.doFinishConnect(NioSocketChannel.java:337) ~[nacos-client-2.2.1.jar:na]
	at com.alibaba.nacos.shaded.io.grpc.netty.shaded.io.netty.channel.nio.AbstractNioChannel$AbstractNioUnsafe.finishConnect(AbstractNioChannel.java:334) ~[nacos-client-2.2.1.jar:na]
	at com.alibaba.nacos.shaded.io.grpc.netty.shaded.io.netty.channel.nio.NioEventLoop.processSelectedKey(NioEventLoop.java:710) ~[nacos-client-2.2.1.jar:na]
	at com.alibaba.nacos.shaded.io.grpc.netty.shaded.io.netty.channel.nio.NioEventLoop.processSelectedKeysOptimized(NioEventLoop.java:658) ~[nacos-client-2.2.1.jar:na]
	at com.alibaba.nacos.shaded.io.grpc.netty.shaded.io.netty.channel.nio.NioEventLoop.processSelectedKeys(NioEventLoop.java:584) ~[nacos-client-2.2.1.jar:na]
	at com.alibaba.nacos.shaded.io.grpc.netty.shaded.io.netty.channel.nio.NioEventLoop.run(NioEventLoop.java:496) ~[nacos-client-2.2.1.jar:na]
	at com.alibaba.nacos.shaded.io.grpc.netty.shaded.io.netty.util.concurrent.SingleThreadEventExecutor$4.run(SingleThreadEventExecutor.java:997) ~[nacos-client-2.2.1.jar:na]
	at com.alibaba.nacos.shaded.io.grpc.netty.shaded.io.netty.util.internal.ThreadExecutorMap$2.run(ThreadExecutorMap.java:74) ~[nacos-client-2.2.1.jar:na]
	at com.alibaba.nacos.shaded.io.grpc.netty.shaded.io.netty.util.concurrent.FastThreadLocalRunnable.run(FastThreadLocalRunnable.java:30) ~[nacos-client-2.2.1.jar:na]
	at java.base/java.lang.Thread.run(Thread.java:840) ~[na:na]

2026-03-13T15:55:37.816+08:00  INFO 39528 --- [com.alibaba.nacos.client.remote.worker] com.alibaba.nacos.common.remote.client   : [902fb123-8452-43f3-b4d5-aa3097eddab5_config-0] Fail to connect server, after trying 10 times, last try server is {serverIp = '127.0.0.1', server main port = 8848}, error = unknown
2026-03-13T15:55:37.869+08:00 ERROR 39528 --- [com.alibaba.nacos.client.Worker] com.alibaba.nacos.common.remote.client   : Send request fail, request = ConfigBatchListenRequest{headers={charset=UTF-8, Client-AppName=unknown, Client-RequestToken=fe037dfe9ac8c87f5dfc48cc123414d4, Client-RequestTS=1773388537536, exConfigInfo=true}, requestId='null'}, retryTimes = 2, errorMessage = Client not connected, current status:STARTING
2026-03-13T15:55:37.869+08:00 ERROR 39528 --- [com.alibaba.nacos.client.Worker] c.a.n.client.config.impl.ClientWorker    : Async listen config change error 

com.alibaba.nacos.api.exception.NacosException: Client not connected, current status:STARTING
	at com.alibaba.nacos.common.remote.client.RpcClient.request(RpcClient.java:643) ~[nacos-client-2.2.1.jar:na]
	at com.alibaba.nacos.client.config.impl.ClientWorker$ConfigRpcTransportClient.requestProxy(ClientWorker.java:1011) ~[nacos-client-2.2.1.jar:na]
	at com.alibaba.nacos.client.config.impl.ClientWorker$ConfigRpcTransportClient.requestProxy(ClientWorker.java:992) ~[nacos-client-2.2.1.jar:na]
	at com.alibaba.nacos.client.config.impl.ClientWorker$ConfigRpcTransportClient.executeConfigListen(ClientWorker.java:786) ~[nacos-client-2.2.1.jar:na]
	at com.alibaba.nacos.client.config.impl.ClientWorker$ConfigRpcTransportClient.lambda$startInternal$2(ClientWorker.java:704) ~[nacos-client-2.2.1.jar:na]
	at java.base/java.util.concurrent.Executors$RunnableAdapter.call(Executors.java:539) ~[na:na]
	at java.base/java.util.concurrent.FutureTask.run(FutureTask.java:264) ~[na:na]
	at java.base/java.util.concurrent.ScheduledThreadPoolExecutor$ScheduledFutureTask.run(ScheduledThreadPoolExecutor.java:304) ~[na:na]
	at java.base/java.util.concurrent.ThreadPoolExecutor.runWorker(ThreadPoolExecutor.java:1136) ~[na:na]
	at java.base/java.util.concurrent.ThreadPoolExecutor$Worker.run(ThreadPoolExecutor.java:635) ~[na:na]
	at java.base/java.lang.Thread.run(Thread.java:840) ~[na:na]

2026-03-13T15:55:37.888+08:00  INFO 39528 --- [RMI TCP Connection(2)-192.168.31.79] com.alibaba.nacos.client.naming          : initializer namespace from ans.namespace attribute : null
2026-03-13T15:55:37.889+08:00  INFO 39528 --- [RMI TCP Connection(2)-192.168.31.79] com.alibaba.nacos.client.naming          : initializer namespace from ALIBABA_ALIWARE_NAMESPACE attribute :null
2026-03-13T15:55:37.890+08:00  INFO 39528 --- [RMI TCP Connection(2)-192.168.31.79] com.alibaba.nacos.client.naming          : initializer namespace from namespace attribute :null
2026-03-13T15:55:37.901+08:00  INFO 39528 --- [RMI TCP Connection(2)-192.168.31.79] c.a.n.p.a.s.c.ClientAuthPluginManager    : [ClientAuthPluginManager] Load ClientAuthService com.alibaba.nacos.client.auth.impl.NacosClientAuthServiceImpl success.
2026-03-13T15:55:37.902+08:00  INFO 39528 --- [RMI TCP Connection(2)-192.168.31.79] c.a.n.p.a.s.c.ClientAuthPluginManager    : [ClientAuthPluginManager] Load ClientAuthService com.alibaba.nacos.client.auth.ram.RamClientAuthServiceImpl success.
2026-03-13T15:55:37.907+08:00  INFO 39528 --- [RMI TCP Connection(2)-192.168.31.79] com.alibaba.nacos.common.remote.client   : [RpcClientFactory] create a new rpc client of 036434c5-85d9-4974-8e36-e2750985d740
2026-03-13T15:55:37.918+08:00  INFO 39528 --- [RMI TCP Connection(2)-192.168.31.79] com.alibaba.nacos.common.remote.client   : [036434c5-85d9-4974-8e36-e2750985d740] RpcClient init, ServerListFactory = com.alibaba.nacos.client.naming.core.ServerListManager
2026-03-13T15:55:37.918+08:00  INFO 39528 --- [RMI TCP Connection(2)-192.168.31.79] com.alibaba.nacos.common.remote.client   : [036434c5-85d9-4974-8e36-e2750985d740] Registry connection listener to current client:com.alibaba.nacos.client.naming.remote.gprc.redo.NamingGrpcRedoService
2026-03-13T15:55:37.918+08:00  INFO 39528 --- [RMI TCP Connection(2)-192.168.31.79] com.alibaba.nacos.common.remote.client   : [036434c5-85d9-4974-8e36-e2750985d740] Register server push request handler:com.alibaba.nacos.client.naming.remote.gprc.NamingPushRequestHandler
2026-03-13T15:55:37.919+08:00  INFO 39528 --- [RMI TCP Connection(2)-192.168.31.79] com.alibaba.nacos.common.remote.client   : [036434c5-85d9-4974-8e36-e2750985d740] Try to connect to server on start up, server: {serverIp = '127.0.0.1', server main port = 8848}
2026-03-13T15:55:37.919+08:00  INFO 39528 --- [RMI TCP Connection(2)-192.168.31.79] c.a.n.c.remote.client.grpc.GrpcClient    : grpc client connection server:127.0.0.1 ip,serverPort:9848,grpcTslConfig:{"sslProvider":"OPENSSL","enableTls":false,"mutualAuthEnable":false,"trustAll":false}
2026-03-13T15:55:37.928+08:00 ERROR 39528 --- [RMI TCP Connection(2)-192.168.31.79] c.a.n.c.remote.client.grpc.GrpcClient    : Server check fail, please check server 127.0.0.1 ,port 9848 is available , error ={}

java.util.concurrent.ExecutionException: com.alibaba.nacos.shaded.io.grpc.StatusRuntimeException: UNAVAILABLE: io exception
	at com.alibaba.nacos.shaded.com.google.common.util.concurrent.AbstractFuture.getDoneValue(AbstractFuture.java:566) ~[nacos-client-2.2.1.jar:na]
	at com.alibaba.nacos.shaded.com.google.common.util.concurrent.AbstractFuture.get(AbstractFuture.java:445) ~[nacos-client-2.2.1.jar:na]
	at com.alibaba.nacos.common.remote.client.grpc.GrpcClient.serverCheck(GrpcClient.java:218) ~[nacos-client-2.2.1.jar:na]
	at com.alibaba.nacos.common.remote.client.grpc.GrpcClient.connectToServer(GrpcClient.java:329) ~[nacos-client-2.2.1.jar:na]
	at com.alibaba.nacos.common.remote.client.RpcClient.start(RpcClient.java:363) ~[nacos-client-2.2.1.jar:na]
	at com.alibaba.nacos.client.naming.remote.gprc.NamingGrpcClientProxy.start(NamingGrpcClientProxy.java:105) ~[nacos-client-2.2.1.jar:na]
	at com.alibaba.nacos.client.naming.remote.gprc.NamingGrpcClientProxy.<init>(NamingGrpcClientProxy.java:98) ~[nacos-client-2.2.1.jar:na]
	at com.alibaba.nacos.client.naming.remote.NamingClientProxyDelegate.<init>(NamingClientProxyDelegate.java:78) ~[nacos-client-2.2.1.jar:na]
	at com.alibaba.nacos.client.naming.NacosNamingService.init(NacosNamingService.java:102) ~[nacos-client-2.2.1.jar:na]
	at com.alibaba.nacos.client.naming.NacosNamingService.<init>(NacosNamingService.java:85) ~[nacos-client-2.2.1.jar:na]
	at java.base/jdk.internal.reflect.NativeConstructorAccessorImpl.newInstance0(Native Method) ~[na:na]
	at java.base/jdk.internal.reflect.NativeConstructorAccessorImpl.newInstance(NativeConstructorAccessorImpl.java:77) ~[na:na]
	at java.base/jdk.internal.reflect.DelegatingConstructorAccessorImpl.newInstance(DelegatingConstructorAccessorImpl.java:45) ~[na:na]
	at java.base/java.lang.reflect.Constructor.newInstanceWithCaller(Constructor.java:499) ~[na:na]
	at java.base/java.lang.reflect.Constructor.newInstance(Constructor.java:480) ~[na:na]
	at com.alibaba.nacos.api.naming.NamingFactory.createNamingService(NamingFactory.java:59) ~[nacos-client-2.2.1.jar:na]
	at com.alibaba.nacos.api.NacosFactory.createNamingService(NacosFactory.java:77) ~[nacos-client-2.2.1.jar:na]
	at com.alibaba.cloud.nacos.NacosServiceManager.createNewNamingService(NacosServiceManager.java:99) ~[spring-cloud-starter-alibaba-nacos-discovery-2022.0.0.0.jar:2022.0.0.0]
	at com.alibaba.cloud.nacos.NacosServiceManager.buildNamingService(NacosServiceManager.java:90) ~[spring-cloud-starter-alibaba-nacos-discovery-2022.0.0.0.jar:2022.0.0.0]
	at com.alibaba.cloud.nacos.NacosServiceManager.getNamingService(NacosServiceManager.java:46) ~[spring-cloud-starter-alibaba-nacos-discovery-2022.0.0.0.jar:2022.0.0.0]
	at com.alibaba.cloud.nacos.discovery.actuate.health.NacosDiscoveryHealthIndicator.doHealthCheck(NacosDiscoveryHealthIndicator.java:62) ~[spring-cloud-starter-alibaba-nacos-discovery-2022.0.0.0.jar:2022.0.0.0]
	at org.springframework.boot.actuate.health.AbstractHealthIndicator.health(AbstractHealthIndicator.java:82) ~[spring-boot-actuator-3.1.5.jar:3.1.5]
	at org.springframework.boot.actuate.health.HealthIndicator.getHealth(HealthIndicator.java:37) ~[spring-boot-actuator-3.1.5.jar:3.1.5]
	at org.springframework.boot.actuate.health.HealthEndpoint.getHealth(HealthEndpoint.java:82) ~[spring-boot-actuator-3.1.5.jar:3.1.5]
	at org.springframework.boot.actuate.health.HealthEndpoint.getHealth(HealthEndpoint.java:41) ~[spring-boot-actuator-3.1.5.jar:3.1.5]
	at org.springframework.boot.actuate.health.HealthEndpointSupport.getLoggedHealth(HealthEndpointSupport.java:172) ~[spring-boot-actuator-3.1.5.jar:3.1.5]
	at org.springframework.boot.actuate.health.HealthEndpointSupport.getContribution(HealthEndpointSupport.java:145) ~[spring-boot-actuator-3.1.5.jar:3.1.5]
	at org.springframework.boot.actuate.health.HealthEndpointSupport.getAggregateContribution(HealthEndpointSupport.java:156) ~[spring-boot-actuator-3.1.5.jar:3.1.5]
	at org.springframework.boot.actuate.health.HealthEndpointSupport.getContribution(HealthEndpointSupport.java:141) ~[spring-boot-actuator-3.1.5.jar:3.1.5]
	at org.springframework.boot.actuate.health.HealthEndpointSupport.getHealth(HealthEndpointSupport.java:110) ~[spring-boot-actuator-3.1.5.jar:3.1.5]
	at org.springframework.boot.actuate.health.HealthEndpointSupport.getHealth(HealthEndpointSupport.java:81) ~[spring-boot-actuator-3.1.5.jar:3.1.5]
	at org.springframework.boot.actuate.health.HealthEndpoint.health(HealthEndpoint.java:76) ~[spring-boot-actuator-3.1.5.jar:3.1.5]
	at org.springframework.boot.actuate.health.HealthEndpoint.health(HealthEndpoint.java:66) ~[spring-boot-actuator-3.1.5.jar:3.1.5]
	at java.base/jdk.internal.reflect.NativeMethodAccessorImpl.invoke0(Native Method) ~[na:na]
	at java.base/jdk.internal.reflect.NativeMethodAccessorImpl.invoke(NativeMethodAccessorImpl.java:77) ~[na:na]
	at java.base/jdk.internal.reflect.DelegatingMethodAccessorImpl.invoke(DelegatingMethodAccessorImpl.java:43) ~[na:na]
	at java.base/java.lang.reflect.Method.invoke(Method.java:568) ~[na:na]
	at org.springframework.util.ReflectionUtils.invokeMethod(ReflectionUtils.java:281) ~[spring-core-6.0.13.jar:6.0.13]
	at org.springframework.boot.actuate.endpoint.invoke.reflect.ReflectiveOperationInvoker.invoke(ReflectiveOperationInvoker.java:74) ~[spring-boot-actuator-3.1.5.jar:3.1.5]
	at org.springframework.boot.actuate.endpoint.annotation.AbstractDiscoveredOperation.invoke(AbstractDiscoveredOperation.java:60) ~[spring-boot-actuator-3.1.5.jar:3.1.5]
	at org.springframework.boot.actuate.endpoint.jmx.EndpointMBean.invoke(EndpointMBean.java:124) ~[spring-boot-actuator-3.1.5.jar:3.1.5]
	at org.springframework.boot.actuate.endpoint.jmx.EndpointMBean.invoke(EndpointMBean.java:97) ~[spring-boot-actuator-3.1.5.jar:3.1.5]
	at java.management/com.sun.jmx.interceptor.DefaultMBeanServerInterceptor.invoke(DefaultMBeanServerInterceptor.java:814) ~[na:na]
	at java.management/com.sun.jmx.mbeanserver.JmxMBeanServer.invoke(JmxMBeanServer.java:802) ~[na:na]
	at java.management.rmi/javax.management.remote.rmi.RMIConnectionImpl.doOperation(RMIConnectionImpl.java:1472) ~[na:na]
	at java.management.rmi/javax.management.remote.rmi.RMIConnectionImpl$PrivilegedOperation.run(RMIConnectionImpl.java:1310) ~[na:na]
	at java.management.rmi/javax.management.remote.rmi.RMIConnectionImpl.doPrivilegedOperation(RMIConnectionImpl.java:1405) ~[na:na]
	at java.management.rmi/javax.management.remote.rmi.RMIConnectionImpl.invoke(RMIConnectionImpl.java:829) ~[na:na]
	at java.base/jdk.internal.reflect.GeneratedMethodAccessor25.invoke(Unknown Source) ~[na:na]
	at java.base/jdk.internal.reflect.DelegatingMethodAccessorImpl.invoke(DelegatingMethodAccessorImpl.java:43) ~[na:na]
	at java.base/java.lang.reflect.Method.invoke(Method.java:568) ~[na:na]
	at java.rmi/sun.rmi.server.UnicastServerRef.dispatch(UnicastServerRef.java:360) ~[na:na]
	at java.rmi/sun.rmi.transport.Transport$1.run(Transport.java:200) ~[na:na]
	at java.rmi/sun.rmi.transport.Transport$1.run(Transport.java:197) ~[na:na]
	at java.base/java.security.AccessController.doPrivileged(AccessController.java:712) ~[na:na]
	at java.rmi/sun.rmi.transport.Transport.serviceCall(Transport.java:196) ~[na:na]
	at java.rmi/sun.rmi.transport.tcp.TCPTransport.handleMessages(TCPTransport.java:587) ~[na:na]
	at java.rmi/sun.rmi.transport.tcp.TCPTransport$ConnectionHandler.run0(TCPTransport.java:828) ~[na:na]
	at java.rmi/sun.rmi.transport.tcp.TCPTransport$ConnectionHandler.lambda$run$0(TCPTransport.java:705) ~[na:na]
	at java.base/java.security.AccessController.doPrivileged(AccessController.java:399) ~[na:na]
	at java.rmi/sun.rmi.transport.tcp.TCPTransport$ConnectionHandler.run(TCPTransport.java:704) ~[na:na]
	at java.base/java.util.concurrent.ThreadPoolExecutor.runWorker(ThreadPoolExecutor.java:1136) ~[na:na]
	at java.base/java.util.concurrent.ThreadPoolExecutor$Worker.run(ThreadPoolExecutor.java:635) ~[na:na]
	at java.base/java.lang.Thread.run(Thread.java:840) ~[na:na]
Caused by: com.alibaba.nacos.shaded.io.grpc.StatusRuntimeException: UNAVAILABLE: io exception
	at com.alibaba.nacos.shaded.io.grpc.Status.asRuntimeException(Status.java:539) ~[nacos-client-2.2.1.jar:na]
	at com.alibaba.nacos.shaded.io.grpc.stub.ClientCalls$UnaryStreamToFuture.onClose(ClientCalls.java:544) ~[nacos-client-2.2.1.jar:na]
	at com.alibaba.nacos.shaded.io.grpc.internal.DelayedClientCall$DelayedListener$3.run(DelayedClientCall.java:471) ~[nacos-client-2.2.1.jar:na]
	at com.alibaba.nacos.shaded.io.grpc.internal.DelayedClientCall$DelayedListener.delayOrExecute(DelayedClientCall.java:435) ~[nacos-client-2.2.1.jar:na]
	at com.alibaba.nacos.shaded.io.grpc.internal.DelayedClientCall$DelayedListener.onClose(DelayedClientCall.java:468) ~[nacos-client-2.2.1.jar:na]
	at com.alibaba.nacos.shaded.io.grpc.internal.ClientCallImpl.closeObserver(ClientCallImpl.java:563) ~[nacos-client-2.2.1.jar:na]
	at com.alibaba.nacos.shaded.io.grpc.internal.ClientCallImpl.access$300(ClientCallImpl.java:70) ~[nacos-client-2.2.1.jar:na]
	at com.alibaba.nacos.shaded.io.grpc.internal.ClientCallImpl$ClientStreamListenerImpl$1StreamClosed.runInternal(ClientCallImpl.java:744) ~[nacos-client-2.2.1.jar:na]
	at com.alibaba.nacos.shaded.io.grpc.internal.ClientCallImpl$ClientStreamListenerImpl$1StreamClosed.runInContext(ClientCallImpl.java:723) ~[nacos-client-2.2.1.jar:na]
	at com.alibaba.nacos.shaded.io.grpc.internal.ContextRunnable.run(ContextRunnable.java:37) ~[nacos-client-2.2.1.jar:na]
	at com.alibaba.nacos.shaded.io.grpc.internal.SerializingExecutor.run(SerializingExecutor.java:133) ~[nacos-client-2.2.1.jar:na]
	... 3 common frames omitted
Caused by: com.alibaba.nacos.shaded.io.grpc.netty.shaded.io.netty.channel.AbstractChannel$AnnotatedConnectException: Connection refused: getsockopt: /127.0.0.1:9848
Caused by: java.net.ConnectException: Connection refused: getsockopt
	at java.base/sun.nio.ch.Net.pollConnect(Native Method) ~[na:na]
	at java.base/sun.nio.ch.Net.pollConnectNow(Net.java:672) ~[na:na]
	at java.base/sun.nio.ch.SocketChannelImpl.finishConnect(SocketChannelImpl.java:946) ~[na:na]
	at com.alibaba.nacos.shaded.io.grpc.netty.shaded.io.netty.channel.socket.nio.NioSocketChannel.doFinishConnect(NioSocketChannel.java:337) ~[nacos-client-2.2.1.jar:na]
	at com.alibaba.nacos.shaded.io.grpc.netty.shaded.io.netty.channel.nio.AbstractNioChannel$AbstractNioUnsafe.finishConnect(AbstractNioChannel.java:334) ~[nacos-client-2.2.1.jar:na]
	at com.alibaba.nacos.shaded.io.grpc.netty.shaded.io.netty.channel.nio.NioEventLoop.processSelectedKey(NioEventLoop.java:710) ~[nacos-client-2.2.1.jar:na]
	at com.alibaba.nacos.shaded.io.grpc.netty.shaded.io.netty.channel.nio.NioEventLoop.processSelectedKeysOptimized(NioEventLoop.java:658) ~[nacos-client-2.2.1.jar:na]
	at com.alibaba.nacos.shaded.io.grpc.netty.shaded.io.netty.channel.nio.NioEventLoop.processSelectedKeys(NioEventLoop.java:584) ~[nacos-client-2.2.1.jar:na]
	at com.alibaba.nacos.shaded.io.grpc.netty.shaded.io.netty.channel.nio.NioEventLoop.run(NioEventLoop.java:496) ~[nacos-client-2.2.1.jar:na]
	at com.alibaba.nacos.shaded.io.grpc.netty.shaded.io.netty.util.concurrent.SingleThreadEventExecutor$4.run(SingleThreadEventExecutor.java:997) ~[nacos-client-2.2.1.jar:na]
	at com.alibaba.nacos.shaded.io.grpc.netty.shaded.io.netty.util.internal.ThreadExecutorMap$2.run(ThreadExecutorMap.java:74) ~[nacos-client-2.2.1.jar:na]
	at com.alibaba.nacos.shaded.io.grpc.netty.shaded.io.netty.util.concurrent.FastThreadLocalRunnable.run(FastThreadLocalRunnable.java:30) ~[nacos-client-2.2.1.jar:na]
	at java.base/java.lang.Thread.run(Thread.java:840) ~[na:na]

2026-03-13T15:55:37.932+08:00  INFO 39528 --- [RMI TCP Connection(2)-192.168.31.79] com.alibaba.nacos.common.remote.client   : [036434c5-85d9-4974-8e36-e2750985d740] Try to connect to server on start up, server: {serverIp = '127.0.0.1', server main port = 8848}
2026-03-13T15:55:37.939+08:00  INFO 39528 --- [RMI TCP Connection(2)-192.168.31.79] c.a.n.c.remote.client.grpc.GrpcClient    : grpc client connection server:127.0.0.1 ip,serverPort:9848,grpcTslConfig:{"sslProvider":"OPENSSL","enableTls":false,"mutualAuthEnable":false,"trustAll":false}
2026-03-13T15:55:37.965+08:00 ERROR 39528 --- [RMI TCP Connection(2)-192.168.31.79] c.a.n.c.remote.client.grpc.GrpcClient    : Server check fail, please check server 127.0.0.1 ,port 9848 is available , error ={}

java.util.concurrent.ExecutionException: com.alibaba.nacos.shaded.io.grpc.StatusRuntimeException: UNAVAILABLE: io exception
	at com.alibaba.nacos.shaded.com.google.common.util.concurrent.AbstractFuture.getDoneValue(AbstractFuture.java:566) ~[nacos-client-2.2.1.jar:na]
	at com.alibaba.nacos.shaded.com.google.common.util.concurrent.AbstractFuture.get(AbstractFuture.java:445) ~[nacos-client-2.2.1.jar:na]
	at com.alibaba.nacos.common.remote.client.grpc.GrpcClient.serverCheck(GrpcClient.java:218) ~[nacos-client-2.2.1.jar:na]
	at com.alibaba.nacos.common.remote.client.grpc.GrpcClient.connectToServer(GrpcClient.java:329) ~[nacos-client-2.2.1.jar:na]
	at com.alibaba.nacos.common.remote.client.RpcClient.start(RpcClient.java:363) ~[nacos-client-2.2.1.jar:na]
	at com.alibaba.nacos.client.naming.remote.gprc.NamingGrpcClientProxy.start(NamingGrpcClientProxy.java:105) ~[nacos-client-2.2.1.jar:na]
	at com.alibaba.nacos.client.naming.remote.gprc.NamingGrpcClientProxy.<init>(NamingGrpcClientProxy.java:98) ~[nacos-client-2.2.1.jar:na]
	at com.alibaba.nacos.client.naming.remote.NamingClientProxyDelegate.<init>(NamingClientProxyDelegate.java:78) ~[nacos-client-2.2.1.jar:na]
	at com.alibaba.nacos.client.naming.NacosNamingService.init(NacosNamingService.java:102) ~[nacos-client-2.2.1.jar:na]
	at com.alibaba.nacos.client.naming.NacosNamingService.<init>(NacosNamingService.java:85) ~[nacos-client-2.2.1.jar:na]
	at java.base/jdk.internal.reflect.NativeConstructorAccessorImpl.newInstance0(Native Method) ~[na:na]
	at java.base/jdk.internal.reflect.NativeConstructorAccessorImpl.newInstance(NativeConstructorAccessorImpl.java:77) ~[na:na]
	at java.base/jdk.internal.reflect.DelegatingConstructorAccessorImpl.newInstance(DelegatingConstructorAccessorImpl.java:45) ~[na:na]
	at java.base/java.lang.reflect.Constructor.newInstanceWithCaller(Constructor.java:499) ~[na:na]
	at java.base/java.lang.reflect.Constructor.newInstance(Constructor.java:480) ~[na:na]
	at com.alibaba.nacos.api.naming.NamingFactory.createNamingService(NamingFactory.java:59) ~[nacos-client-2.2.1.jar:na]
	at com.alibaba.nacos.api.NacosFactory.createNamingService(NacosFactory.java:77) ~[nacos-client-2.2.1.jar:na]
	at com.alibaba.cloud.nacos.NacosServiceManager.createNewNamingService(NacosServiceManager.java:99) ~[spring-cloud-starter-alibaba-nacos-discovery-2022.0.0.0.jar:2022.0.0.0]
	at com.alibaba.cloud.nacos.NacosServiceManager.buildNamingService(NacosServiceManager.java:90) ~[spring-cloud-starter-alibaba-nacos-discovery-2022.0.0.0.jar:2022.0.0.0]
	at com.alibaba.cloud.nacos.NacosServiceManager.getNamingService(NacosServiceManager.java:46) ~[spring-cloud-starter-alibaba-nacos-discovery-2022.0.0.0.jar:2022.0.0.0]
	at com.alibaba.cloud.nacos.discovery.actuate.health.NacosDiscoveryHealthIndicator.doHealthCheck(NacosDiscoveryHealthIndicator.java:62) ~[spring-cloud-starter-alibaba-nacos-discovery-2022.0.0.0.jar:2022.0.0.0]
	at org.springframework.boot.actuate.health.AbstractHealthIndicator.health(AbstractHealthIndicator.java:82) ~[spring-boot-actuator-3.1.5.jar:3.1.5]
	at org.springframework.boot.actuate.health.HealthIndicator.getHealth(HealthIndicator.java:37) ~[spring-boot-actuator-3.1.5.jar:3.1.5]
	at org.springframework.boot.actuate.health.HealthEndpoint.getHealth(HealthEndpoint.java:82) ~[spring-boot-actuator-3.1.5.jar:3.1.5]
	at org.springframework.boot.actuate.health.HealthEndpoint.getHealth(HealthEndpoint.java:41) ~[spring-boot-actuator-3.1.5.jar:3.1.5]
	at org.springframework.boot.actuate.health.HealthEndpointSupport.getLoggedHealth(HealthEndpointSupport.java:172) ~[spring-boot-actuator-3.1.5.jar:3.1.5]
	at org.springframework.boot.actuate.health.HealthEndpointSupport.getContribution(HealthEndpointSupport.java:145) ~[spring-boot-actuator-3.1.5.jar:3.1.5]
	at org.springframework.boot.actuate.health.HealthEndpointSupport.getAggregateContribution(HealthEndpointSupport.java:156) ~[spring-boot-actuator-3.1.5.jar:3.1.5]
	at org.springframework.boot.actuate.health.HealthEndpointSupport.getContribution(HealthEndpointSupport.java:141) ~[spring-boot-actuator-3.1.5.jar:3.1.5]
	at org.springframework.boot.actuate.health.HealthEndpointSupport.getHealth(HealthEndpointSupport.java:110) ~[spring-boot-actuator-3.1.5.jar:3.1.5]
	at org.springframework.boot.actuate.health.HealthEndpointSupport.getHealth(HealthEndpointSupport.java:81) ~[spring-boot-actuator-3.1.5.jar:3.1.5]
	at org.springframework.boot.actuate.health.HealthEndpoint.health(HealthEndpoint.java:76) ~[spring-boot-actuator-3.1.5.jar:3.1.5]
	at org.springframework.boot.actuate.health.HealthEndpoint.health(HealthEndpoint.java:66) ~[spring-boot-actuator-3.1.5.jar:3.1.5]
	at java.base/jdk.internal.reflect.NativeMethodAccessorImpl.invoke0(Native Method) ~[na:na]
	at java.base/jdk.internal.reflect.NativeMethodAccessorImpl.invoke(NativeMethodAccessorImpl.java:77) ~[na:na]
	at java.base/jdk.internal.reflect.DelegatingMethodAccessorImpl.invoke(DelegatingMethodAccessorImpl.java:43) ~[na:na]
	at java.base/java.lang.reflect.Method.invoke(Method.java:568) ~[na:na]
	at org.springframework.util.ReflectionUtils.invokeMethod(ReflectionUtils.java:281) ~[spring-core-6.0.13.jar:6.0.13]
	at org.springframework.boot.actuate.endpoint.invoke.reflect.ReflectiveOperationInvoker.invoke(ReflectiveOperationInvoker.java:74) ~[spring-boot-actuator-3.1.5.jar:3.1.5]
	at org.springframework.boot.actuate.endpoint.annotation.AbstractDiscoveredOperation.invoke(AbstractDiscoveredOperation.java:60) ~[spring-boot-actuator-3.1.5.jar:3.1.5]
	at org.springframework.boot.actuate.endpoint.jmx.EndpointMBean.invoke(EndpointMBean.java:124) ~[spring-boot-actuator-3.1.5.jar:3.1.5]
	at org.springframework.boot.actuate.endpoint.jmx.EndpointMBean.invoke(EndpointMBean.java:97) ~[spring-boot-actuator-3.1.5.jar:3.1.5]
	at java.management/com.sun.jmx.interceptor.DefaultMBeanServerInterceptor.invoke(DefaultMBeanServerInterceptor.java:814) ~[na:na]
	at java.management/com.sun.jmx.mbeanserver.JmxMBeanServer.invoke(JmxMBeanServer.java:802) ~[na:na]
	at java.management.rmi/javax.management.remote.rmi.RMIConnectionImpl.doOperation(RMIConnectionImpl.java:1472) ~[na:na]
	at java.management.rmi/javax.management.remote.rmi.RMIConnectionImpl$PrivilegedOperation.run(RMIConnectionImpl.java:1310) ~[na:na]
	at java.management.rmi/javax.management.remote.rmi.RMIConnectionImpl.doPrivilegedOperation(RMIConnectionImpl.java:1405) ~[na:na]
	at java.management.rmi/javax.management.remote.rmi.RMIConnectionImpl.invoke(RMIConnectionImpl.java:829) ~[na:na]
	at java.base/jdk.internal.reflect.GeneratedMethodAccessor25.invoke(Unknown Source) ~[na:na]
	at java.base/jdk.internal.reflect.DelegatingMethodAccessorImpl.invoke(DelegatingMethodAccessorImpl.java:43) ~[na:na]
	at java.base/java.lang.reflect.Method.invoke(Method.java:568) ~[na:na]
	at java.rmi/sun.rmi.server.UnicastServerRef.dispatch(UnicastServerRef.java:360) ~[na:na]
	at java.rmi/sun.rmi.transport.Transport$1.run(Transport.java:200) ~[na:na]
	at java.rmi/sun.rmi.transport.Transport$1.run(Transport.java:197) ~[na:na]
	at java.base/java.security.AccessController.doPrivileged(AccessController.java:712) ~[na:na]
	at java.rmi/sun.rmi.transport.Transport.serviceCall(Transport.java:196) ~[na:na]
	at java.rmi/sun.rmi.transport.tcp.TCPTransport.handleMessages(TCPTransport.java:587) ~[na:na]
	at java.rmi/sun.rmi.transport.tcp.TCPTransport$ConnectionHandler.run0(TCPTransport.java:828) ~[na:na]
	at java.rmi/sun.rmi.transport.tcp.TCPTransport$ConnectionHandler.lambda$run$0(TCPTransport.java:705) ~[na:na]
	at java.base/java.security.AccessController.doPrivileged(AccessController.java:399) ~[na:na]
	at java.rmi/sun.rmi.transport.tcp.TCPTransport$ConnectionHandler.run(TCPTransport.java:704) ~[na:na]
	at java.base/java.util.concurrent.ThreadPoolExecutor.runWorker(ThreadPoolExecutor.java:1136) ~[na:na]
	at java.base/java.util.concurrent.ThreadPoolExecutor$Worker.run(ThreadPoolExecutor.java:635) ~[na:na]
	at java.base/java.lang.Thread.run(Thread.java:840) ~[na:na]
Caused by: com.alibaba.nacos.shaded.io.grpc.StatusRuntimeException: UNAVAILABLE: io exception
	at com.alibaba.nacos.shaded.io.grpc.Status.asRuntimeException(Status.java:539) ~[nacos-client-2.2.1.jar:na]
	at com.alibaba.nacos.shaded.io.grpc.stub.ClientCalls$UnaryStreamToFuture.onClose(ClientCalls.java:544) ~[nacos-client-2.2.1.jar:na]
	at com.alibaba.nacos.shaded.io.grpc.internal.DelayedClientCall$DelayedListener$3.run(DelayedClientCall.java:471) ~[nacos-client-2.2.1.jar:na]
	at com.alibaba.nacos.shaded.io.grpc.internal.DelayedClientCall$DelayedListener.delayOrExecute(DelayedClientCall.java:435) ~[nacos-client-2.2.1.jar:na]
	at com.alibaba.nacos.shaded.io.grpc.internal.DelayedClientCall$DelayedListener.onClose(DelayedClientCall.java:468) ~[nacos-client-2.2.1.jar:na]
	at com.alibaba.nacos.shaded.io.grpc.internal.ClientCallImpl.closeObserver(ClientCallImpl.java:563) ~[nacos-client-2.2.1.jar:na]
	at com.alibaba.nacos.shaded.io.grpc.internal.ClientCallImpl.access$300(ClientCallImpl.java:70) ~[nacos-client-2.2.1.jar:na]
	at com.alibaba.nacos.shaded.io.grpc.internal.ClientCallImpl$ClientStreamListenerImpl$1StreamClosed.runInternal(ClientCallImpl.java:744) ~[nacos-client-2.2.1.jar:na]
	at com.alibaba.nacos.shaded.io.grpc.internal.ClientCallImpl$ClientStreamListenerImpl$1StreamClosed.runInContext(ClientCallImpl.java:723) ~[nacos-client-2.2.1.jar:na]
	at com.alibaba.nacos.shaded.io.grpc.internal.ContextRunnable.run(ContextRunnable.java:37) ~[nacos-client-2.2.1.jar:na]
	at com.alibaba.nacos.shaded.io.grpc.internal.SerializingExecutor.run(SerializingExecutor.java:133) ~[nacos-client-2.2.1.jar:na]
	... 3 common frames omitted
Caused by: com.alibaba.nacos.shaded.io.grpc.netty.shaded.io.netty.channel.AbstractChannel$AnnotatedConnectException: Connection refused: getsockopt: /127.0.0.1:9848
Caused by: java.net.ConnectException: Connection refused: getsockopt
	at java.base/sun.nio.ch.Net.pollConnect(Native Method) ~[na:na]
	at java.base/sun.nio.ch.Net.pollConnectNow(Net.java:672) ~[na:na]
	at java.base/sun.nio.ch.SocketChannelImpl.finishConnect(SocketChannelImpl.java:946) ~[na:na]
	at com.alibaba.nacos.shaded.io.grpc.netty.shaded.io.netty.channel.socket.nio.NioSocketChannel.doFinishConnect(NioSocketChannel.java:337) ~[nacos-client-2.2.1.jar:na]
	at com.alibaba.nacos.shaded.io.grpc.netty.shaded.io.netty.channel.nio.AbstractNioChannel$AbstractNioUnsafe.finishConnect(AbstractNioChannel.java:334) ~[nacos-client-2.2.1.jar:na]
	at com.alibaba.nacos.shaded.io.grpc.netty.shaded.io.netty.channel.nio.NioEventLoop.processSelectedKey(NioEventLoop.java:710) ~[nacos-client-2.2.1.jar:na]
	at com.alibaba.nacos.shaded.io.grpc.netty.shaded.io.netty.channel.nio.NioEventLoop.processSelectedKeysOptimized(NioEventLoop.java:658) ~[nacos-client-2.2.1.jar:na]
	at com.alibaba.nacos.shaded.io.grpc.netty.shaded.io.netty.channel.nio.NioEventLoop.processSelectedKeys(NioEventLoop.java:584) ~[nacos-client-2.2.1.jar:na]
	at com.alibaba.nacos.shaded.io.grpc.netty.shaded.io.netty.channel.nio.NioEventLoop.run(NioEventLoop.java:496) ~[nacos-client-2.2.1.jar:na]
	at com.alibaba.nacos.shaded.io.grpc.netty.shaded.io.netty.util.concurrent.SingleThreadEventExecutor$4.run(SingleThreadEventExecutor.java:997) ~[nacos-client-2.2.1.jar:na]
	at com.alibaba.nacos.shaded.io.grpc.netty.shaded.io.netty.util.internal.ThreadExecutorMap$2.run(ThreadExecutorMap.java:74) ~[nacos-client-2.2.1.jar:na]
	at com.alibaba.nacos.shaded.io.grpc.netty.shaded.io.netty.util.concurrent.FastThreadLocalRunnable.run(FastThreadLocalRunnable.java:30) ~[nacos-client-2.2.1.jar:na]
	at java.base/java.lang.Thread.run(Thread.java:840) ~[na:na]

2026-03-13T15:55:37.966+08:00  INFO 39528 --- [RMI TCP Connection(2)-192.168.31.79] com.alibaba.nacos.common.remote.client   : [036434c5-85d9-4974-8e36-e2750985d740] Try to connect to server on start up, server: {serverIp = '127.0.0.1', server main port = 8848}
2026-03-13T15:55:37.968+08:00  INFO 39528 --- [RMI TCP Connection(2)-192.168.31.79] c.a.n.c.remote.client.grpc.GrpcClient    : grpc client connection server:127.0.0.1 ip,serverPort:9848,grpcTslConfig:{"sslProvider":"OPENSSL","enableTls":false,"mutualAuthEnable":false,"trustAll":false}
2026-03-13T15:55:37.986+08:00 ERROR 39528 --- [RMI TCP Connection(2)-192.168.31.79] c.a.n.c.remote.client.grpc.GrpcClient    : Server check fail, please check server 127.0.0.1 ,port 9848 is available , error ={}

java.util.concurrent.ExecutionException: com.alibaba.nacos.shaded.io.grpc.StatusRuntimeException: UNAVAILABLE: io exception
	at com.alibaba.nacos.shaded.com.google.common.util.concurrent.AbstractFuture.getDoneValue(AbstractFuture.java:566) ~[nacos-client-2.2.1.jar:na]
	at com.alibaba.nacos.shaded.com.google.common.util.concurrent.AbstractFuture.get(AbstractFuture.java:445) ~[nacos-client-2.2.1.jar:na]
	at com.alibaba.nacos.common.remote.client.grpc.GrpcClient.serverCheck(GrpcClient.java:218) ~[nacos-client-2.2.1.jar:na]
	at com.alibaba.nacos.common.remote.client.grpc.GrpcClient.connectToServer(GrpcClient.java:329) ~[nacos-client-2.2.1.jar:na]
	at com.alibaba.nacos.common.remote.client.RpcClient.start(RpcClient.java:363) ~[nacos-client-2.2.1.jar:na]
	at com.alibaba.nacos.client.naming.remote.gprc.NamingGrpcClientProxy.start(NamingGrpcClientProxy.java:105) ~[nacos-client-2.2.1.jar:na]
	at com.alibaba.nacos.client.naming.remote.gprc.NamingGrpcClientProxy.<init>(NamingGrpcClientProxy.java:98) ~[nacos-client-2.2.1.jar:na]
	at com.alibaba.nacos.client.naming.remote.NamingClientProxyDelegate.<init>(NamingClientProxyDelegate.java:78) ~[nacos-client-2.2.1.jar:na]
	at com.alibaba.nacos.client.naming.NacosNamingService.init(NacosNamingService.java:102) ~[nacos-client-2.2.1.jar:na]
	at com.alibaba.nacos.client.naming.NacosNamingService.<init>(NacosNamingService.java:85) ~[nacos-client-2.2.1.jar:na]
	at java.base/jdk.internal.reflect.NativeConstructorAccessorImpl.newInstance0(Native Method) ~[na:na]
	at java.base/jdk.internal.reflect.NativeConstructorAccessorImpl.newInstance(NativeConstructorAccessorImpl.java:77) ~[na:na]
	at java.base/jdk.internal.reflect.DelegatingConstructorAccessorImpl.newInstance(DelegatingConstructorAccessorImpl.java:45) ~[na:na]
	at java.base/java.lang.reflect.Constructor.newInstanceWithCaller(Constructor.java:499) ~[na:na]
	at java.base/java.lang.reflect.Constructor.newInstance(Constructor.java:480) ~[na:na]
	at com.alibaba.nacos.api.naming.NamingFactory.createNamingService(NamingFactory.java:59) ~[nacos-client-2.2.1.jar:na]
	at com.alibaba.nacos.api.NacosFactory.createNamingService(NacosFactory.java:77) ~[nacos-client-2.2.1.jar:na]
	at com.alibaba.cloud.nacos.NacosServiceManager.createNewNamingService(NacosServiceManager.java:99) ~[spring-cloud-starter-alibaba-nacos-discovery-2022.0.0.0.jar:2022.0.0.0]
	at com.alibaba.cloud.nacos.NacosServiceManager.buildNamingService(NacosServiceManager.java:90) ~[spring-cloud-starter-alibaba-nacos-discovery-2022.0.0.0.jar:2022.0.0.0]
	at com.alibaba.cloud.nacos.NacosServiceManager.getNamingService(NacosServiceManager.java:46) ~[spring-cloud-starter-alibaba-nacos-discovery-2022.0.0.0.jar:2022.0.0.0]
	at com.alibaba.cloud.nacos.discovery.actuate.health.NacosDiscoveryHealthIndicator.doHealthCheck(NacosDiscoveryHealthIndicator.java:62) ~[spring-cloud-starter-alibaba-nacos-discovery-2022.0.0.0.jar:2022.0.0.0]
	at org.springframework.boot.actuate.health.AbstractHealthIndicator.health(AbstractHealthIndicator.java:82) ~[spring-boot-actuator-3.1.5.jar:3.1.5]
	at org.springframework.boot.actuate.health.HealthIndicator.getHealth(HealthIndicator.java:37) ~[spring-boot-actuator-3.1.5.jar:3.1.5]
	at org.springframework.boot.actuate.health.HealthEndpoint.getHealth(HealthEndpoint.java:82) ~[spring-boot-actuator-3.1.5.jar:3.1.5]
	at org.springframework.boot.actuate.health.HealthEndpoint.getHealth(HealthEndpoint.java:41) ~[spring-boot-actuator-3.1.5.jar:3.1.5]
	at org.springframework.boot.actuate.health.HealthEndpointSupport.getLoggedHealth(HealthEndpointSupport.java:172) ~[spring-boot-actuator-3.1.5.jar:3.1.5]
	at org.springframework.boot.actuate.health.HealthEndpointSupport.getContribution(HealthEndpointSupport.java:145) ~[spring-boot-actuator-3.1.5.jar:3.1.5]
	at org.springframework.boot.actuate.health.HealthEndpointSupport.getAggregateContribution(HealthEndpointSupport.java:156) ~[spring-boot-actuator-3.1.5.jar:3.1.5]
	at org.springframework.boot.actuate.health.HealthEndpointSupport.getContribution(HealthEndpointSupport.java:141) ~[spring-boot-actuator-3.1.5.jar:3.1.5]
	at org.springframework.boot.actuate.health.HealthEndpointSupport.getHealth(HealthEndpointSupport.java:110) ~[spring-boot-actuator-3.1.5.jar:3.1.5]
	at org.springframework.boot.actuate.health.HealthEndpointSupport.getHealth(HealthEndpointSupport.java:81) ~[spring-boot-actuator-3.1.5.jar:3.1.5]
	at org.springframework.boot.actuate.health.HealthEndpoint.health(HealthEndpoint.java:76) ~[spring-boot-actuator-3.1.5.jar:3.1.5]
	at org.springframework.boot.actuate.health.HealthEndpoint.health(HealthEndpoint.java:66) ~[spring-boot-actuator-3.1.5.jar:3.1.5]
	at java.base/jdk.internal.reflect.NativeMethodAccessorImpl.invoke0(Native Method) ~[na:na]
	at java.base/jdk.internal.reflect.NativeMethodAccessorImpl.invoke(NativeMethodAccessorImpl.java:77) ~[na:na]
	at java.base/jdk.internal.reflect.DelegatingMethodAccessorImpl.invoke(DelegatingMethodAccessorImpl.java:43) ~[na:na]
	at java.base/java.lang.reflect.Method.invoke(Method.java:568) ~[na:na]
	at org.springframework.util.ReflectionUtils.invokeMethod(ReflectionUtils.java:281) ~[spring-core-6.0.13.jar:6.0.13]
	at org.springframework.boot.actuate.endpoint.invoke.reflect.ReflectiveOperationInvoker.invoke(ReflectiveOperationInvoker.java:74) ~[spring-boot-actuator-3.1.5.jar:3.1.5]
	at org.springframework.boot.actuate.endpoint.annotation.AbstractDiscoveredOperation.invoke(AbstractDiscoveredOperation.java:60) ~[spring-boot-actuator-3.1.5.jar:3.1.5]
	at org.springframework.boot.actuate.endpoint.jmx.EndpointMBean.invoke(EndpointMBean.java:124) ~[spring-boot-actuator-3.1.5.jar:3.1.5]
	at org.springframework.boot.actuate.endpoint.jmx.EndpointMBean.invoke(EndpointMBean.java:97) ~[spring-boot-actuator-3.1.5.jar:3.1.5]
	at java.management/com.sun.jmx.interceptor.DefaultMBeanServerInterceptor.invoke(DefaultMBeanServerInterceptor.java:814) ~[na:na]
	at java.management/com.sun.jmx.mbeanserver.JmxMBeanServer.invoke(JmxMBeanServer.java:802) ~[na:na]
	at java.management.rmi/javax.management.remote.rmi.RMIConnectionImpl.doOperation(RMIConnectionImpl.java:1472) ~[na:na]
	at java.management.rmi/javax.management.remote.rmi.RMIConnectionImpl$PrivilegedOperation.run(RMIConnectionImpl.java:1310) ~[na:na]
	at java.management.rmi/javax.management.remote.rmi.RMIConnectionImpl.doPrivilegedOperation(RMIConnectionImpl.java:1405) ~[na:na]
	at java.management.rmi/javax.management.remote.rmi.RMIConnectionImpl.invoke(RMIConnectionImpl.java:829) ~[na:na]
	at java.base/jdk.internal.reflect.GeneratedMethodAccessor25.invoke(Unknown Source) ~[na:na]
	at java.base/jdk.internal.reflect.DelegatingMethodAccessorImpl.invoke(DelegatingMethodAccessorImpl.java:43) ~[na:na]
	at java.base/java.lang.reflect.Method.invoke(Method.java:568) ~[na:na]
	at java.rmi/sun.rmi.server.UnicastServerRef.dispatch(UnicastServerRef.java:360) ~[na:na]
	at java.rmi/sun.rmi.transport.Transport$1.run(Transport.java:200) ~[na:na]
	at java.rmi/sun.rmi.transport.Transport$1.run(Transport.java:197) ~[na:na]
	at java.base/java.security.AccessController.doPrivileged(AccessController.java:712) ~[na:na]
	at java.rmi/sun.rmi.transport.Transport.serviceCall(Transport.java:196) ~[na:na]
	at java.rmi/sun.rmi.transport.tcp.TCPTransport.handleMessages(TCPTransport.java:587) ~[na:na]
	at java.rmi/sun.rmi.transport.tcp.TCPTransport$ConnectionHandler.run0(TCPTransport.java:828) ~[na:na]
	at java.rmi/sun.rmi.transport.tcp.TCPTransport$ConnectionHandler.lambda$run$0(TCPTransport.java:705) ~[na:na]
	at java.base/java.security.AccessController.doPrivileged(AccessController.java:399) ~[na:na]
	at java.rmi/sun.rmi.transport.tcp.TCPTransport$ConnectionHandler.run(TCPTransport.java:704) ~[na:na]
	at java.base/java.util.concurrent.ThreadPoolExecutor.runWorker(ThreadPoolExecutor.java:1136) ~[na:na]
	at java.base/java.util.concurrent.ThreadPoolExecutor$Worker.run(ThreadPoolExecutor.java:635) ~[na:na]
	at java.base/java.lang.Thread.run(Thread.java:840) ~[na:na]
Caused by: com.alibaba.nacos.shaded.io.grpc.StatusRuntimeException: UNAVAILABLE: io exception
	at com.alibaba.nacos.shaded.io.grpc.Status.asRuntimeException(Status.java:539) ~[nacos-client-2.2.1.jar:na]
	at com.alibaba.nacos.shaded.io.grpc.stub.ClientCalls$UnaryStreamToFuture.onClose(ClientCalls.java:544) ~[nacos-client-2.2.1.jar:na]
	at com.alibaba.nacos.shaded.io.grpc.internal.DelayedClientCall$DelayedListener$3.run(DelayedClientCall.java:471) ~[nacos-client-2.2.1.jar:na]
	at com.alibaba.nacos.shaded.io.grpc.internal.DelayedClientCall$DelayedListener.delayOrExecute(DelayedClientCall.java:435) ~[nacos-client-2.2.1.jar:na]
	at com.alibaba.nacos.shaded.io.grpc.internal.DelayedClientCall$DelayedListener.onClose(DelayedClientCall.java:468) ~[nacos-client-2.2.1.jar:na]
	at com.alibaba.nacos.shaded.io.grpc.internal.ClientCallImpl.closeObserver(ClientCallImpl.java:563) ~[nacos-client-2.2.1.jar:na]
	at com.alibaba.nacos.shaded.io.grpc.internal.ClientCallImpl.access$300(ClientCallImpl.java:70) ~[nacos-client-2.2.1.jar:na]
	at com.alibaba.nacos.shaded.io.grpc.internal.ClientCallImpl$ClientStreamListenerImpl$1StreamClosed.runInternal(ClientCallImpl.java:744) ~[nacos-client-2.2.1.jar:na]
	at com.alibaba.nacos.shaded.io.grpc.internal.ClientCallImpl$ClientStreamListenerImpl$1StreamClosed.runInContext(ClientCallImpl.java:723) ~[nacos-client-2.2.1.jar:na]
	at com.alibaba.nacos.shaded.io.grpc.internal.ContextRunnable.run(ContextRunnable.java:37) ~[nacos-client-2.2.1.jar:na]
	at com.alibaba.nacos.shaded.io.grpc.internal.SerializingExecutor.run(SerializingExecutor.java:133) ~[nacos-client-2.2.1.jar:na]
	... 3 common frames omitted
Caused by: com.alibaba.nacos.shaded.io.grpc.netty.shaded.io.netty.channel.AbstractChannel$AnnotatedConnectException: Connection refused: getsockopt: /127.0.0.1:9848
Caused by: java.net.ConnectException: Connection refused: getsockopt
	at java.base/sun.nio.ch.Net.pollConnect(Native Method) ~[na:na]
	at java.base/sun.nio.ch.Net.pollConnectNow(Net.java:672) ~[na:na]
	at java.base/sun.nio.ch.SocketChannelImpl.finishConnect(SocketChannelImpl.java:946) ~[na:na]
	at com.alibaba.nacos.shaded.io.grpc.netty.shaded.io.netty.channel.socket.nio.NioSocketChannel.doFinishConnect(NioSocketChannel.java:337) ~[nacos-client-2.2.1.jar:na]
	at com.alibaba.nacos.shaded.io.grpc.netty.shaded.io.netty.channel.nio.AbstractNioChannel$AbstractNioUnsafe.finishConnect(AbstractNioChannel.java:334) ~[nacos-client-2.2.1.jar:na]
	at com.alibaba.nacos.shaded.io.grpc.netty.shaded.io.netty.channel.nio.NioEventLoop.processSelectedKey(NioEventLoop.java:710) ~[nacos-client-2.2.1.jar:na]
	at com.alibaba.nacos.shaded.io.grpc.netty.shaded.io.netty.channel.nio.NioEventLoop.processSelectedKeysOptimized(NioEventLoop.java:658) ~[nacos-client-2.2.1.jar:na]
	at com.alibaba.nacos.shaded.io.grpc.netty.shaded.io.netty.channel.nio.NioEventLoop.processSelectedKeys(NioEventLoop.java:584) ~[nacos-client-2.2.1.jar:na]
	at com.alibaba.nacos.shaded.io.grpc.netty.shaded.io.netty.channel.nio.NioEventLoop.run(NioEventLoop.java:496) ~[nacos-client-2.2.1.jar:na]
	at com.alibaba.nacos.shaded.io.grpc.netty.shaded.io.netty.util.concurrent.SingleThreadEventExecutor$4.run(SingleThreadEventExecutor.java:997) ~[nacos-client-2.2.1.jar:na]
	at com.alibaba.nacos.shaded.io.grpc.netty.shaded.io.netty.util.internal.ThreadExecutorMap$2.run(ThreadExecutorMap.java:74) ~[nacos-client-2.2.1.jar:na]
	at com.alibaba.nacos.shaded.io.grpc.netty.shaded.io.netty.util.concurrent.FastThreadLocalRunnable.run(FastThreadLocalRunnable.java:30) ~[nacos-client-2.2.1.jar:na]
	at java.base/java.lang.Thread.run(Thread.java:840) ~[na:na]

2026-03-13T15:55:37.987+08:00  INFO 39528 --- [RMI TCP Connection(2)-192.168.31.79] com.alibaba.nacos.common.remote.client   : [036434c5-85d9-4974-8e36-e2750985d740] Register server push request handler:com.alibaba.nacos.common.remote.client.RpcClient$ConnectResetRequestHandler
2026-03-13T15:55:37.987+08:00  INFO 39528 --- [com.alibaba.nacos.client.remote.worker] com.alibaba.nacos.common.remote.client   : [036434c5-85d9-4974-8e36-e2750985d740] Try to reconnect to a new server, server is  not appointed, will choose a random server.
2026-03-13T15:55:37.987+08:00  INFO 39528 --- [RMI TCP Connection(2)-192.168.31.79] com.alibaba.nacos.common.remote.client   : [036434c5-85d9-4974-8e36-e2750985d740] Register server push request handler:com.alibaba.nacos.common.remote.client.RpcClient$$Lambda$349/0x0000000800458a50
2026-03-13T15:55:37.988+08:00  INFO 39528 --- [com.alibaba.nacos.client.remote.worker] c.a.n.c.remote.client.grpc.GrpcClient    : grpc client connection server:127.0.0.1 ip,serverPort:9848,grpcTslConfig:{"sslProvider":"OPENSSL","enableTls":false,"mutualAuthEnable":false,"trustAll":false}
2026-03-13T15:55:37.994+08:00 ERROR 39528 --- [com.alibaba.nacos.client.remote.worker] c.a.n.c.remote.client.grpc.GrpcClient    : Server check fail, please check server 127.0.0.1 ,port 9848 is available , error ={}

java.util.concurrent.ExecutionException: com.alibaba.nacos.shaded.io.grpc.StatusRuntimeException: UNAVAILABLE: io exception
	at com.alibaba.nacos.shaded.com.google.common.util.concurrent.AbstractFuture.getDoneValue(AbstractFuture.java:566) ~[nacos-client-2.2.1.jar:na]
	at com.alibaba.nacos.shaded.com.google.common.util.concurrent.AbstractFuture.get(AbstractFuture.java:445) ~[nacos-client-2.2.1.jar:na]
	at com.alibaba.nacos.common.remote.client.grpc.GrpcClient.serverCheck(GrpcClient.java:218) ~[nacos-client-2.2.1.jar:na]
	at com.alibaba.nacos.common.remote.client.grpc.GrpcClient.connectToServer(GrpcClient.java:329) ~[nacos-client-2.2.1.jar:na]
	at com.alibaba.nacos.common.remote.client.RpcClient.reconnect(RpcClient.java:502) ~[nacos-client-2.2.1.jar:na]
	at com.alibaba.nacos.common.remote.client.RpcClient.lambda$start$2(RpcClient.java:343) ~[nacos-client-2.2.1.jar:na]
	at java.base/java.util.concurrent.Executors$RunnableAdapter.call(Executors.java:539) ~[na:na]
	at java.base/java.util.concurrent.FutureTask.run(FutureTask.java:264) ~[na:na]
	at java.base/java.util.concurrent.ScheduledThreadPoolExecutor$ScheduledFutureTask.run(ScheduledThreadPoolExecutor.java:304) ~[na:na]
	at java.base/java.util.concurrent.ThreadPoolExecutor.runWorker(ThreadPoolExecutor.java:1136) ~[na:na]
	at java.base/java.util.concurrent.ThreadPoolExecutor$Worker.run(ThreadPoolExecutor.java:635) ~[na:na]
	at java.base/java.lang.Thread.run(Thread.java:840) ~[na:na]
Caused by: com.alibaba.nacos.shaded.io.grpc.StatusRuntimeException: UNAVAILABLE: io exception
	at com.alibaba.nacos.shaded.io.grpc.Status.asRuntimeException(Status.java:539) ~[nacos-client-2.2.1.jar:na]
	at com.alibaba.nacos.shaded.io.grpc.stub.ClientCalls$UnaryStreamToFuture.onClose(ClientCalls.java:544) ~[nacos-client-2.2.1.jar:na]
	at com.alibaba.nacos.shaded.io.grpc.internal.DelayedClientCall$DelayedListener$3.run(DelayedClientCall.java:471) ~[nacos-client-2.2.1.jar:na]
	at com.alibaba.nacos.shaded.io.grpc.internal.DelayedClientCall$DelayedListener.delayOrExecute(DelayedClientCall.java:435) ~[nacos-client-2.2.1.jar:na]
	at com.alibaba.nacos.shaded.io.grpc.internal.DelayedClientCall$DelayedListener.onClose(DelayedClientCall.java:468) ~[nacos-client-2.2.1.jar:na]
	at com.alibaba.nacos.shaded.io.grpc.internal.ClientCallImpl.closeObserver(ClientCallImpl.java:563) ~[nacos-client-2.2.1.jar:na]
	at com.alibaba.nacos.shaded.io.grpc.internal.ClientCallImpl.access$300(ClientCallImpl.java:70) ~[nacos-client-2.2.1.jar:na]
	at com.alibaba.nacos.shaded.io.grpc.internal.ClientCallImpl$ClientStreamListenerImpl$1StreamClosed.runInternal(ClientCallImpl.java:744) ~[nacos-client-2.2.1.jar:na]
	at com.alibaba.nacos.shaded.io.grpc.internal.ClientCallImpl$ClientStreamListenerImpl$1StreamClosed.runInContext(ClientCallImpl.java:723) ~[nacos-client-2.2.1.jar:na]
	at com.alibaba.nacos.shaded.io.grpc.internal.ContextRunnable.run(ContextRunnable.java:37) ~[nacos-client-2.2.1.jar:na]
	at com.alibaba.nacos.shaded.io.grpc.internal.SerializingExecutor.run(SerializingExecutor.java:133) ~[nacos-client-2.2.1.jar:na]
	... 3 common frames omitted
Caused by: com.alibaba.nacos.shaded.io.grpc.netty.shaded.io.netty.channel.AbstractChannel$AnnotatedConnectException: Connection refused: getsockopt: /127.0.0.1:9848
Caused by: java.net.ConnectException: Connection refused: getsockopt
	at java.base/sun.nio.ch.Net.pollConnect(Native Method) ~[na:na]
	at java.base/sun.nio.ch.Net.pollConnectNow(Net.java:672) ~[na:na]
	at java.base/sun.nio.ch.SocketChannelImpl.finishConnect(SocketChannelImpl.java:946) ~[na:na]
	at com.alibaba.nacos.shaded.io.grpc.netty.shaded.io.netty.channel.socket.nio.NioSocketChannel.doFinishConnect(NioSocketChannel.java:337) ~[nacos-client-2.2.1.jar:na]
	at com.alibaba.nacos.shaded.io.grpc.netty.shaded.io.netty.channel.nio.AbstractNioChannel$AbstractNioUnsafe.finishConnect(AbstractNioChannel.java:334) ~[nacos-client-2.2.1.jar:na]
	at com.alibaba.nacos.shaded.io.grpc.netty.shaded.io.netty.channel.nio.NioEventLoop.processSelectedKey(NioEventLoop.java:710) ~[nacos-client-2.2.1.jar:na]
	at com.alibaba.nacos.shaded.io.grpc.netty.shaded.io.netty.channel.nio.NioEventLoop.processSelectedKeysOptimized(NioEventLoop.java:658) ~[nacos-client-2.2.1.jar:na]
	at com.alibaba.nacos.shaded.io.grpc.netty.shaded.io.netty.channel.nio.NioEventLoop.processSelectedKeys(NioEventLoop.java:584) ~[nacos-client-2.2.1.jar:na]
	at com.alibaba.nacos.shaded.io.grpc.netty.shaded.io.netty.channel.nio.NioEventLoop.run(NioEventLoop.java:496) ~[nacos-client-2.2.1.jar:na]
	at com.alibaba.nacos.shaded.io.grpc.netty.shaded.io.netty.util.concurrent.SingleThreadEventExecutor$4.run(SingleThreadEventExecutor.java:997) ~[nacos-client-2.2.1.jar:na]
	at com.alibaba.nacos.shaded.io.grpc.netty.shaded.io.netty.util.internal.ThreadExecutorMap$2.run(ThreadExecutorMap.java:74) ~[nacos-client-2.2.1.jar:na]
	at com.alibaba.nacos.shaded.io.grpc.netty.shaded.io.netty.util.concurrent.FastThreadLocalRunnable.run(FastThreadLocalRunnable.java:30) ~[nacos-client-2.2.1.jar:na]
	at java.base/java.lang.Thread.run(Thread.java:840) ~[na:na]

2026-03-13T15:55:38.025+08:00 ERROR 39528 --- [RMI TCP Connection(2)-192.168.31.79] com.alibaba.nacos.client.naming          : [NA] failed to request

java.net.ConnectException: Connection refused: getsockopt
	at java.base/sun.nio.ch.Net.pollConnect(Native Method) ~[na:na]
	at java.base/sun.nio.ch.Net.pollConnectNow(Net.java:672) ~[na:na]
	at java.base/sun.nio.ch.NioSocketImpl.timedFinishConnect(NioSocketImpl.java:547) ~[na:na]
	at java.base/sun.nio.ch.NioSocketImpl.connect(NioSocketImpl.java:602) ~[na:na]
	at java.base/java.net.Socket.connect(Socket.java:633) ~[na:na]
	at java.base/sun.net.NetworkClient.doConnect(NetworkClient.java:178) ~[na:na]
	at java.base/sun.net.www.http.HttpClient.openServer(HttpClient.java:533) ~[na:na]
	at java.base/sun.net.www.http.HttpClient.openServer(HttpClient.java:638) ~[na:na]
	at java.base/sun.net.www.http.HttpClient.<init>(HttpClient.java:281) ~[na:na]
	at java.base/sun.net.www.http.HttpClient.New(HttpClient.java:386) ~[na:na]
	at java.base/sun.net.www.http.HttpClient.New(HttpClient.java:408) ~[na:na]
	at java.base/sun.net.www.protocol.http.HttpURLConnection.getNewHttpClient(HttpURLConnection.java:1309) ~[na:na]
	at java.base/sun.net.www.protocol.http.HttpURLConnection.plainConnect0(HttpURLConnection.java:1242) ~[na:na]
	at java.base/sun.net.www.protocol.http.HttpURLConnection.plainConnect(HttpURLConnection.java:1128) ~[na:na]
	at java.base/sun.net.www.protocol.http.HttpURLConnection.connect(HttpURLConnection.java:1057) ~[na:na]
	at com.alibaba.nacos.common.http.client.request.JdkHttpClientRequest.execute(JdkHttpClientRequest.java:114) ~[nacos-client-2.2.1.jar:na]
	at com.alibaba.nacos.common.http.client.NacosRestTemplate.execute(NacosRestTemplate.java:482) ~[nacos-client-2.2.1.jar:na]
	at com.alibaba.nacos.common.http.client.NacosRestTemplate.exchangeForm(NacosRestTemplate.java:427) ~[nacos-client-2.2.1.jar:na]
	at com.alibaba.nacos.client.naming.remote.http.NamingHttpClientProxy.callServer(NamingHttpClientProxy.java:446) ~[nacos-client-2.2.1.jar:na]
	at com.alibaba.nacos.client.naming.remote.http.NamingHttpClientProxy.reqApi(NamingHttpClientProxy.java:380) ~[nacos-client-2.2.1.jar:na]
	at com.alibaba.nacos.client.naming.remote.http.NamingHttpClientProxy.reqApi(NamingHttpClientProxy.java:351) ~[nacos-client-2.2.1.jar:na]
	at com.alibaba.nacos.client.naming.remote.http.NamingHttpClientProxy.reqApi(NamingHttpClientProxy.java:346) ~[nacos-client-2.2.1.jar:na]
	at com.alibaba.nacos.client.naming.remote.http.NamingHttpClientProxy.serverHealthy(NamingHttpClientProxy.java:288) ~[nacos-client-2.2.1.jar:na]
	at com.alibaba.nacos.client.naming.remote.NamingClientProxyDelegate.serverHealthy(NamingClientProxyDelegate.java:194) ~[nacos-client-2.2.1.jar:na]
	at com.alibaba.nacos.client.naming.NacosNamingService.getServerStatus(NacosNamingService.java:462) ~[nacos-client-2.2.1.jar:na]
	at com.alibaba.cloud.nacos.discovery.actuate.health.NacosDiscoveryHealthIndicator.doHealthCheck(NacosDiscoveryHealthIndicator.java:62) ~[spring-cloud-starter-alibaba-nacos-discovery-2022.0.0.0.jar:2022.0.0.0]
	at org.springframework.boot.actuate.health.AbstractHealthIndicator.health(AbstractHealthIndicator.java:82) ~[spring-boot-actuator-3.1.5.jar:3.1.5]
	at org.springframework.boot.actuate.health.HealthIndicator.getHealth(HealthIndicator.java:37) ~[spring-boot-actuator-3.1.5.jar:3.1.5]
	at org.springframework.boot.actuate.health.HealthEndpoint.getHealth(HealthEndpoint.java:82) ~[spring-boot-actuator-3.1.5.jar:3.1.5]
	at org.springframework.boot.actuate.health.HealthEndpoint.getHealth(HealthEndpoint.java:41) ~[spring-boot-actuator-3.1.5.jar:3.1.5]
	at org.springframework.boot.actuate.health.HealthEndpointSupport.getLoggedHealth(HealthEndpointSupport.java:172) ~[spring-boot-actuator-3.1.5.jar:3.1.5]
	at org.springframework.boot.actuate.health.HealthEndpointSupport.getContribution(HealthEndpointSupport.java:145) ~[spring-boot-actuator-3.1.5.jar:3.1.5]
	at org.springframework.boot.actuate.health.HealthEndpointSupport.getAggregateContribution(HealthEndpointSupport.java:156) ~[spring-boot-actuator-3.1.5.jar:3.1.5]
	at org.springframework.boot.actuate.health.HealthEndpointSupport.getContribution(HealthEndpointSupport.java:141) ~[spring-boot-actuator-3.1.5.jar:3.1.5]
	at org.springframework.boot.actuate.health.HealthEndpointSupport.getHealth(HealthEndpointSupport.java:110) ~[spring-boot-actuator-3.1.5.jar:3.1.5]
	at org.springframework.boot.actuate.health.HealthEndpointSupport.getHealth(HealthEndpointSupport.java:81) ~[spring-boot-actuator-3.1.5.jar:3.1.5]
	at org.springframework.boot.actuate.health.HealthEndpoint.health(HealthEndpoint.java:76) ~[spring-boot-actuator-3.1.5.jar:3.1.5]
	at org.springframework.boot.actuate.health.HealthEndpoint.health(HealthEndpoint.java:66) ~[spring-boot-actuator-3.1.5.jar:3.1.5]
	at java.base/jdk.internal.reflect.NativeMethodAccessorImpl.invoke0(Native Method) ~[na:na]
	at java.base/jdk.internal.reflect.NativeMethodAccessorImpl.invoke(NativeMethodAccessorImpl.java:77) ~[na:na]
	at java.base/jdk.internal.reflect.DelegatingMethodAccessorImpl.invoke(DelegatingMethodAccessorImpl.java:43) ~[na:na]
	at java.base/java.lang.reflect.Method.invoke(Method.java:568) ~[na:na]
	at org.springframework.util.ReflectionUtils.invokeMethod(ReflectionUtils.java:281) ~[spring-core-6.0.13.jar:6.0.13]
	at org.springframework.boot.actuate.endpoint.invoke.reflect.ReflectiveOperationInvoker.invoke(ReflectiveOperationInvoker.java:74) ~[spring-boot-actuator-3.1.5.jar:3.1.5]
	at org.springframework.boot.actuate.endpoint.annotation.AbstractDiscoveredOperation.invoke(AbstractDiscoveredOperation.java:60) ~[spring-boot-actuator-3.1.5.jar:3.1.5]
	at org.springframework.boot.actuate.endpoint.jmx.EndpointMBean.invoke(EndpointMBean.java:124) ~[spring-boot-actuator-3.1.5.jar:3.1.5]
	at org.springframework.boot.actuate.endpoint.jmx.EndpointMBean.invoke(EndpointMBean.java:97) ~[spring-boot-actuator-3.1.5.jar:3.1.5]
	at java.management/com.sun.jmx.interceptor.DefaultMBeanServerInterceptor.invoke(DefaultMBeanServerInterceptor.java:814) ~[na:na]
	at java.management/com.sun.jmx.mbeanserver.JmxMBeanServer.invoke(JmxMBeanServer.java:802) ~[na:na]
	at java.management.rmi/javax.management.remote.rmi.RMIConnectionImpl.doOperation(RMIConnectionImpl.java:1472) ~[na:na]
	at java.management.rmi/javax.management.remote.rmi.RMIConnectionImpl$PrivilegedOperation.run(RMIConnectionImpl.java:1310) ~[na:na]
	at java.management.rmi/javax.management.remote.rmi.RMIConnectionImpl.doPrivilegedOperation(RMIConnectionImpl.java:1405) ~[na:na]
	at java.management.rmi/javax.management.remote.rmi.RMIConnectionImpl.invoke(RMIConnectionImpl.java:829) ~[na:na]
	at java.base/jdk.internal.reflect.GeneratedMethodAccessor25.invoke(Unknown Source) ~[na:na]
	at java.base/jdk.internal.reflect.DelegatingMethodAccessorImpl.invoke(DelegatingMethodAccessorImpl.java:43) ~[na:na]
	at java.base/java.lang.reflect.Method.invoke(Method.java:568) ~[na:na]
	at java.rmi/sun.rmi.server.UnicastServerRef.dispatch(UnicastServerRef.java:360) ~[na:na]
	at java.rmi/sun.rmi.transport.Transport$1.run(Transport.java:200) ~[na:na]
	at java.rmi/sun.rmi.transport.Transport$1.run(Transport.java:197) ~[na:na]
	at java.base/java.security.AccessController.doPrivileged(AccessController.java:712) ~[na:na]
	at java.rmi/sun.rmi.transport.Transport.serviceCall(Transport.java:196) ~[na:na]
	at java.rmi/sun.rmi.transport.tcp.TCPTransport.handleMessages(TCPTransport.java:587) ~[na:na]
	at java.rmi/sun.rmi.transport.tcp.TCPTransport$ConnectionHandler.run0(TCPTransport.java:828) ~[na:na]
	at java.rmi/sun.rmi.transport.tcp.TCPTransport$ConnectionHandler.lambda$run$0(TCPTransport.java:705) ~[na:na]
	at java.base/java.security.AccessController.doPrivileged(AccessController.java:399) ~[na:na]
	at java.rmi/sun.rmi.transport.tcp.TCPTransport$ConnectionHandler.run(TCPTransport.java:704) ~[na:na]
	at java.base/java.util.concurrent.ThreadPoolExecutor.runWorker(ThreadPoolExecutor.java:1136) ~[na:na]
	at java.base/java.util.concurrent.ThreadPoolExecutor$Worker.run(ThreadPoolExecutor.java:635) ~[na:na]
	at java.base/java.lang.Thread.run(Thread.java:840) ~[na:na]

2026-03-13T15:55:38.041+08:00 ERROR 39528 --- [RMI TCP Connection(2)-192.168.31.79] com.alibaba.nacos.client.naming          : [NA] failed to request

java.net.ConnectException: Connection refused: getsockopt
	at java.base/sun.nio.ch.Net.pollConnect(Native Method) ~[na:na]
	at java.base/sun.nio.ch.Net.pollConnectNow(Net.java:672) ~[na:na]
	at java.base/sun.nio.ch.NioSocketImpl.timedFinishConnect(NioSocketImpl.java:547) ~[na:na]
	at java.base/sun.nio.ch.NioSocketImpl.connect(NioSocketImpl.java:602) ~[na:na]
	at java.base/java.net.Socket.connect(Socket.java:633) ~[na:na]
	at java.base/sun.net.NetworkClient.doConnect(NetworkClient.java:178) ~[na:na]
	at java.base/sun.net.www.http.HttpClient.openServer(HttpClient.java:533) ~[na:na]
	at java.base/sun.net.www.http.HttpClient.openServer(HttpClient.java:638) ~[na:na]
	at java.base/sun.net.www.http.HttpClient.<init>(HttpClient.java:281) ~[na:na]
	at java.base/sun.net.www.http.HttpClient.New(HttpClient.java:386) ~[na:na]
	at java.base/sun.net.www.http.HttpClient.New(HttpClient.java:408) ~[na:na]
	at java.base/sun.net.www.protocol.http.HttpURLConnection.getNewHttpClient(HttpURLConnection.java:1309) ~[na:na]
	at java.base/sun.net.www.protocol.http.HttpURLConnection.plainConnect0(HttpURLConnection.java:1242) ~[na:na]
	at java.base/sun.net.www.protocol.http.HttpURLConnection.plainConnect(HttpURLConnection.java:1128) ~[na:na]
	at java.base/sun.net.www.protocol.http.HttpURLConnection.connect(HttpURLConnection.java:1057) ~[na:na]
	at com.alibaba.nacos.common.http.client.request.JdkHttpClientRequest.execute(JdkHttpClientRequest.java:114) ~[nacos-client-2.2.1.jar:na]
	at com.alibaba.nacos.common.http.client.NacosRestTemplate.execute(NacosRestTemplate.java:482) ~[nacos-client-2.2.1.jar:na]
	at com.alibaba.nacos.common.http.client.NacosRestTemplate.exchangeForm(NacosRestTemplate.java:427) ~[nacos-client-2.2.1.jar:na]
	at com.alibaba.nacos.client.naming.remote.http.NamingHttpClientProxy.callServer(NamingHttpClientProxy.java:446) ~[nacos-client-2.2.1.jar:na]
	at com.alibaba.nacos.client.naming.remote.http.NamingHttpClientProxy.reqApi(NamingHttpClientProxy.java:380) ~[nacos-client-2.2.1.jar:na]
	at com.alibaba.nacos.client.naming.remote.http.NamingHttpClientProxy.reqApi(NamingHttpClientProxy.java:351) ~[nacos-client-2.2.1.jar:na]
	at com.alibaba.nacos.client.naming.remote.http.NamingHttpClientProxy.reqApi(NamingHttpClientProxy.java:346) ~[nacos-client-2.2.1.jar:na]
	at com.alibaba.nacos.client.naming.remote.http.NamingHttpClientProxy.serverHealthy(NamingHttpClientProxy.java:288) ~[nacos-client-2.2.1.jar:na]
	at com.alibaba.nacos.client.naming.remote.NamingClientProxyDelegate.serverHealthy(NamingClientProxyDelegate.java:194) ~[nacos-client-2.2.1.jar:na]
	at com.alibaba.nacos.client.naming.NacosNamingService.getServerStatus(NacosNamingService.java:462) ~[nacos-client-2.2.1.jar:na]
	at com.alibaba.cloud.nacos.discovery.actuate.health.NacosDiscoveryHealthIndicator.doHealthCheck(NacosDiscoveryHealthIndicator.java:62) ~[spring-cloud-starter-alibaba-nacos-discovery-2022.0.0.0.jar:2022.0.0.0]
	at org.springframework.boot.actuate.health.AbstractHealthIndicator.health(AbstractHealthIndicator.java:82) ~[spring-boot-actuator-3.1.5.jar:3.1.5]
	at org.springframework.boot.actuate.health.HealthIndicator.getHealth(HealthIndicator.java:37) ~[spring-boot-actuator-3.1.5.jar:3.1.5]
	at org.springframework.boot.actuate.health.HealthEndpoint.getHealth(HealthEndpoint.java:82) ~[spring-boot-actuator-3.1.5.jar:3.1.5]
	at org.springframework.boot.actuate.health.HealthEndpoint.getHealth(HealthEndpoint.java:41) ~[spring-boot-actuator-3.1.5.jar:3.1.5]
	at org.springframework.boot.actuate.health.HealthEndpointSupport.getLoggedHealth(HealthEndpointSupport.java:172) ~[spring-boot-actuator-3.1.5.jar:3.1.5]
	at org.springframework.boot.actuate.health.HealthEndpointSupport.getContribution(HealthEndpointSupport.java:145) ~[spring-boot-actuator-3.1.5.jar:3.1.5]
	at org.springframework.boot.actuate.health.HealthEndpointSupport.getAggregateContribution(HealthEndpointSupport.java:156) ~[spring-boot-actuator-3.1.5.jar:3.1.5]
	at org.springframework.boot.actuate.health.HealthEndpointSupport.getContribution(HealthEndpointSupport.java:141) ~[spring-boot-actuator-3.1.5.jar:3.1.5]
	at org.springframework.boot.actuate.health.HealthEndpointSupport.getHealth(HealthEndpointSupport.java:110) ~[spring-boot-actuator-3.1.5.jar:3.1.5]
	at org.springframework.boot.actuate.health.HealthEndpointSupport.getHealth(HealthEndpointSupport.java:81) ~[spring-boot-actuator-3.1.5.jar:3.1.5]
	at org.springframework.boot.actuate.health.HealthEndpoint.health(HealthEndpoint.java:76) ~[spring-boot-actuator-3.1.5.jar:3.1.5]
	at org.springframework.boot.actuate.health.HealthEndpoint.health(HealthEndpoint.java:66) ~[spring-boot-actuator-3.1.5.jar:3.1.5]
	at java.base/jdk.internal.reflect.NativeMethodAccessorImpl.invoke0(Native Method) ~[na:na]
	at java.base/jdk.internal.reflect.NativeMethodAccessorImpl.invoke(NativeMethodAccessorImpl.java:77) ~[na:na]
	at java.base/jdk.internal.reflect.DelegatingMethodAccessorImpl.invoke(DelegatingMethodAccessorImpl.java:43) ~[na:na]
	at java.base/java.lang.reflect.Method.invoke(Method.java:568) ~[na:na]
	at org.springframework.util.ReflectionUtils.invokeMethod(ReflectionUtils.java:281) ~[spring-core-6.0.13.jar:6.0.13]
	at org.springframework.boot.actuate.endpoint.invoke.reflect.ReflectiveOperationInvoker.invoke(ReflectiveOperationInvoker.java:74) ~[spring-boot-actuator-3.1.5.jar:3.1.5]
	at org.springframework.boot.actuate.endpoint.annotation.AbstractDiscoveredOperation.invoke(AbstractDiscoveredOperation.java:60) ~[spring-boot-actuator-3.1.5.jar:3.1.5]
	at org.springframework.boot.actuate.endpoint.jmx.EndpointMBean.invoke(EndpointMBean.java:124) ~[spring-boot-actuator-3.1.5.jar:3.1.5]
	at org.springframework.boot.actuate.endpoint.jmx.EndpointMBean.invoke(EndpointMBean.java:97) ~[spring-boot-actuator-3.1.5.jar:3.1.5]
	at java.management/com.sun.jmx.interceptor.DefaultMBeanServerInterceptor.invoke(DefaultMBeanServerInterceptor.java:814) ~[na:na]
	at java.management/com.sun.jmx.mbeanserver.JmxMBeanServer.invoke(JmxMBeanServer.java:802) ~[na:na]
	at java.management.rmi/javax.management.remote.rmi.RMIConnectionImpl.doOperation(RMIConnectionImpl.java:1472) ~[na:na]
	at java.management.rmi/javax.management.remote.rmi.RMIConnectionImpl$PrivilegedOperation.run(RMIConnectionImpl.java:1310) ~[na:na]
	at java.management.rmi/javax.management.remote.rmi.RMIConnectionImpl.doPrivilegedOperation(RMIConnectionImpl.java:1405) ~[na:na]
	at java.management.rmi/javax.management.remote.rmi.RMIConnectionImpl.invoke(RMIConnectionImpl.java:829) ~[na:na]
	at java.base/jdk.internal.reflect.GeneratedMethodAccessor25.invoke(Unknown Source) ~[na:na]
	at java.base/jdk.internal.reflect.DelegatingMethodAccessorImpl.invoke(DelegatingMethodAccessorImpl.java:43) ~[na:na]
	at java.base/java.lang.reflect.Method.invoke(Method.java:568) ~[na:na]
	at java.rmi/sun.rmi.server.UnicastServerRef.dispatch(UnicastServerRef.java:360) ~[na:na]
	at java.rmi/sun.rmi.transport.Transport$1.run(Transport.java:200) ~[na:na]
	at java.rmi/sun.rmi.transport.Transport$1.run(Transport.java:197) ~[na:na]
	at java.base/java.security.AccessController.doPrivileged(AccessController.java:712) ~[na:na]
	at java.rmi/sun.rmi.transport.Transport.serviceCall(Transport.java:196) ~[na:na]
	at java.rmi/sun.rmi.transport.tcp.TCPTransport.handleMessages(TCPTransport.java:587) ~[na:na]
	at java.rmi/sun.rmi.transport.tcp.TCPTransport$ConnectionHandler.run0(TCPTransport.java:828) ~[na:na]
	at java.rmi/sun.rmi.transport.tcp.TCPTransport$ConnectionHandler.lambda$run$0(TCPTransport.java:705) ~[na:na]
	at java.base/java.security.AccessController.doPrivileged(AccessController.java:399) ~[na:na]
	at java.rmi/sun.rmi.transport.tcp.TCPTransport$ConnectionHandler.run(TCPTransport.java:704) ~[na:na]
	at java.base/java.util.concurrent.ThreadPoolExecutor.runWorker(ThreadPoolExecutor.java:1136) ~[na:na]
	at java.base/java.util.concurrent.ThreadPoolExecutor$Worker.run(ThreadPoolExecutor.java:635) ~[na:na]
	at java.base/java.lang.Thread.run(Thread.java:840) ~[na:na]

2026-03-13T15:55:38.043+08:00 ERROR 39528 --- [RMI TCP Connection(2)-192.168.31.79] com.alibaba.nacos.client.naming          : [NA] failed to request

java.net.ConnectException: Connection refused: getsockopt
	at java.base/sun.nio.ch.Net.pollConnect(Native Method) ~[na:na]
	at java.base/sun.nio.ch.Net.pollConnectNow(Net.java:672) ~[na:na]
	at java.base/sun.nio.ch.NioSocketImpl.timedFinishConnect(NioSocketImpl.java:547) ~[na:na]
	at java.base/sun.nio.ch.NioSocketImpl.connect(NioSocketImpl.java:602) ~[na:na]
	at java.base/java.net.Socket.connect(Socket.java:633) ~[na:na]
	at java.base/sun.net.NetworkClient.doConnect(NetworkClient.java:178) ~[na:na]
	at java.base/sun.net.www.http.HttpClient.openServer(HttpClient.java:533) ~[na:na]
	at java.base/sun.net.www.http.HttpClient.openServer(HttpClient.java:638) ~[na:na]
	at java.base/sun.net.www.http.HttpClient.<init>(HttpClient.java:281) ~[na:na]
	at java.base/sun.net.www.http.HttpClient.New(HttpClient.java:386) ~[na:na]
	at java.base/sun.net.www.http.HttpClient.New(HttpClient.java:408) ~[na:na]
	at java.base/sun.net.www.protocol.http.HttpURLConnection.getNewHttpClient(HttpURLConnection.java:1309) ~[na:na]
	at java.base/sun.net.www.protocol.http.HttpURLConnection.plainConnect0(HttpURLConnection.java:1242) ~[na:na]
	at java.base/sun.net.www.protocol.http.HttpURLConnection.plainConnect(HttpURLConnection.java:1128) ~[na:na]
	at java.base/sun.net.www.protocol.http.HttpURLConnection.connect(HttpURLConnection.java:1057) ~[na:na]
	at com.alibaba.nacos.common.http.client.request.JdkHttpClientRequest.execute(JdkHttpClientRequest.java:114) ~[nacos-client-2.2.1.jar:na]
	at com.alibaba.nacos.common.http.client.NacosRestTemplate.execute(NacosRestTemplate.java:482) ~[nacos-client-2.2.1.jar:na]
	at com.alibaba.nacos.common.http.client.NacosRestTemplate.exchangeForm(NacosRestTemplate.java:427) ~[nacos-client-2.2.1.jar:na]
	at com.alibaba.nacos.client.naming.remote.http.NamingHttpClientProxy.callServer(NamingHttpClientProxy.java:446) ~[nacos-client-2.2.1.jar:na]
	at com.alibaba.nacos.client.naming.remote.http.NamingHttpClientProxy.reqApi(NamingHttpClientProxy.java:380) ~[nacos-client-2.2.1.jar:na]
	at com.alibaba.nacos.client.naming.remote.http.NamingHttpClientProxy.reqApi(NamingHttpClientProxy.java:351) ~[nacos-client-2.2.1.jar:na]
	at com.alibaba.nacos.client.naming.remote.http.NamingHttpClientProxy.reqApi(NamingHttpClientProxy.java:346) ~[nacos-client-2.2.1.jar:na]
	at com.alibaba.nacos.client.naming.remote.http.NamingHttpClientProxy.serverHealthy(NamingHttpClientProxy.java:288) ~[nacos-client-2.2.1.jar:na]
	at com.alibaba.nacos.client.naming.remote.NamingClientProxyDelegate.serverHealthy(NamingClientProxyDelegate.java:194) ~[nacos-client-2.2.1.jar:na]
	at com.alibaba.nacos.client.naming.NacosNamingService.getServerStatus(NacosNamingService.java:462) ~[nacos-client-2.2.1.jar:na]
	at com.alibaba.cloud.nacos.discovery.actuate.health.NacosDiscoveryHealthIndicator.doHealthCheck(NacosDiscoveryHealthIndicator.java:62) ~[spring-cloud-starter-alibaba-nacos-discovery-2022.0.0.0.jar:2022.0.0.0]
	at org.springframework.boot.actuate.health.AbstractHealthIndicator.health(AbstractHealthIndicator.java:82) ~[spring-boot-actuator-3.1.5.jar:3.1.5]
	at org.springframework.boot.actuate.health.HealthIndicator.getHealth(HealthIndicator.java:37) ~[spring-boot-actuator-3.1.5.jar:3.1.5]
	at org.springframework.boot.actuate.health.HealthEndpoint.getHealth(HealthEndpoint.java:82) ~[spring-boot-actuator-3.1.5.jar:3.1.5]
	at org.springframework.boot.actuate.health.HealthEndpoint.getHealth(HealthEndpoint.java:41) ~[spring-boot-actuator-3.1.5.jar:3.1.5]
	at org.springframework.boot.actuate.health.HealthEndpointSupport.getLoggedHealth(HealthEndpointSupport.java:172) ~[spring-boot-actuator-3.1.5.jar:3.1.5]
	at org.springframework.boot.actuate.health.HealthEndpointSupport.getContribution(HealthEndpointSupport.java:145) ~[spring-boot-actuator-3.1.5.jar:3.1.5]
	at org.springframework.boot.actuate.health.HealthEndpointSupport.getAggregateContribution(HealthEndpointSupport.java:156) ~[spring-boot-actuator-3.1.5.jar:3.1.5]
	at org.springframework.boot.actuate.health.HealthEndpointSupport.getContribution(HealthEndpointSupport.java:141) ~[spring-boot-actuator-3.1.5.jar:3.1.5]
	at org.springframework.boot.actuate.health.HealthEndpointSupport.getHealth(HealthEndpointSupport.java:110) ~[spring-boot-actuator-3.1.5.jar:3.1.5]
	at org.springframework.boot.actuate.health.HealthEndpointSupport.getHealth(HealthEndpointSupport.java:81) ~[spring-boot-actuator-3.1.5.jar:3.1.5]
	at org.springframework.boot.actuate.health.HealthEndpoint.health(HealthEndpoint.java:76) ~[spring-boot-actuator-3.1.5.jar:3.1.5]
	at org.springframework.boot.actuate.health.HealthEndpoint.health(HealthEndpoint.java:66) ~[spring-boot-actuator-3.1.5.jar:3.1.5]
	at java.base/jdk.internal.reflect.NativeMethodAccessorImpl.invoke0(Native Method) ~[na:na]
	at java.base/jdk.internal.reflect.NativeMethodAccessorImpl.invoke(NativeMethodAccessorImpl.java:77) ~[na:na]
	at java.base/jdk.internal.reflect.DelegatingMethodAccessorImpl.invoke(DelegatingMethodAccessorImpl.java:43) ~[na:na]
	at java.base/java.lang.reflect.Method.invoke(Method.java:568) ~[na:na]
	at org.springframework.util.ReflectionUtils.invokeMethod(ReflectionUtils.java:281) ~[spring-core-6.0.13.jar:6.0.13]
	at org.springframework.boot.actuate.endpoint.invoke.reflect.ReflectiveOperationInvoker.invoke(ReflectiveOperationInvoker.java:74) ~[spring-boot-actuator-3.1.5.jar:3.1.5]
	at org.springframework.boot.actuate.endpoint.annotation.AbstractDiscoveredOperation.invoke(AbstractDiscoveredOperation.java:60) ~[spring-boot-actuator-3.1.5.jar:3.1.5]
	at org.springframework.boot.actuate.endpoint.jmx.EndpointMBean.invoke(EndpointMBean.java:124) ~[spring-boot-actuator-3.1.5.jar:3.1.5]
	at org.springframework.boot.actuate.endpoint.jmx.EndpointMBean.invoke(EndpointMBean.java:97) ~[spring-boot-actuator-3.1.5.jar:3.1.5]
	at java.management/com.sun.jmx.interceptor.DefaultMBeanServerInterceptor.invoke(DefaultMBeanServerInterceptor.java:814) ~[na:na]
	at java.management/com.sun.jmx.mbeanserver.JmxMBeanServer.invoke(JmxMBeanServer.java:802) ~[na:na]
	at java.management.rmi/javax.management.remote.rmi.RMIConnectionImpl.doOperation(RMIConnectionImpl.java:1472) ~[na:na]
	at java.management.rmi/javax.management.remote.rmi.RMIConnectionImpl$PrivilegedOperation.run(RMIConnectionImpl.java:1310) ~[na:na]
	at java.management.rmi/javax.management.remote.rmi.RMIConnectionImpl.doPrivilegedOperation(RMIConnectionImpl.java:1405) ~[na:na]
	at java.management.rmi/javax.management.remote.rmi.RMIConnectionImpl.invoke(RMIConnectionImpl.java:829) ~[na:na]
	at java.base/jdk.internal.reflect.GeneratedMethodAccessor25.invoke(Unknown Source) ~[na:na]
	at java.base/jdk.internal.reflect.DelegatingMethodAccessorImpl.invoke(DelegatingMethodAccessorImpl.java:43) ~[na:na]
	at java.base/java.lang.reflect.Method.invoke(Method.java:568) ~[na:na]
	at java.rmi/sun.rmi.server.UnicastServerRef.dispatch(UnicastServerRef.java:360) ~[na:na]
	at java.rmi/sun.rmi.transport.Transport$1.run(Transport.java:200) ~[na:na]
	at java.rmi/sun.rmi.transport.Transport$1.run(Transport.java:197) ~[na:na]
	at java.base/java.security.AccessController.doPrivileged(AccessController.java:712) ~[na:na]
	at java.rmi/sun.rmi.transport.Transport.serviceCall(Transport.java:196) ~[na:na]
	at java.rmi/sun.rmi.transport.tcp.TCPTransport.handleMessages(TCPTransport.java:587) ~[na:na]
	at java.rmi/sun.rmi.transport.tcp.TCPTransport$ConnectionHandler.run0(TCPTransport.java:828) ~[na:na]
	at java.rmi/sun.rmi.transport.tcp.TCPTransport$ConnectionHandler.lambda$run$0(TCPTransport.java:705) ~[na:na]
	at java.base/java.security.AccessController.doPrivileged(AccessController.java:399) ~[na:na]
	at java.rmi/sun.rmi.transport.tcp.TCPTransport$ConnectionHandler.run(TCPTransport.java:704) ~[na:na]
	at java.base/java.util.concurrent.ThreadPoolExecutor.runWorker(ThreadPoolExecutor.java:1136) ~[na:na]
	at java.base/java.util.concurrent.ThreadPoolExecutor$Worker.run(ThreadPoolExecutor.java:635) ~[na:na]
	at java.base/java.lang.Thread.run(Thread.java:840) ~[na:na]

2026-03-13T15:55:38.044+08:00 ERROR 39528 --- [RMI TCP Connection(2)-192.168.31.79] com.alibaba.nacos.client.naming          : request: /nacos/v1/ns/operator/metrics failed, servers: [127.0.0.1:8848], code: 500, msg: Connection refused: getsockopt
2026-03-13T15:55:38.103+08:00  INFO 39528 --- [com.alibaba.nacos.client.remote.worker] c.a.n.c.remote.client.grpc.GrpcClient    : grpc client connection server:127.0.0.1 ip,serverPort:9848,grpcTslConfig:{"sslProvider":"OPENSSL","enableTls":false,"mutualAuthEnable":false,"trustAll":false}
2026-03-13T15:55:38.110+08:00 ERROR 39528 --- [com.alibaba.nacos.client.remote.worker] c.a.n.c.remote.client.grpc.GrpcClient    : Server check fail, please check server 127.0.0.1 ,port 9848 is available , error ={}

java.util.concurrent.ExecutionException: com.alibaba.nacos.shaded.io.grpc.StatusRuntimeException: UNAVAILABLE: io exception
	at com.alibaba.nacos.shaded.com.google.common.util.concurrent.AbstractFuture.getDoneValue(AbstractFuture.java:566) ~[nacos-client-2.2.1.jar:na]
	at com.alibaba.nacos.shaded.com.google.common.util.concurrent.AbstractFuture.get(AbstractFuture.java:445) ~[nacos-client-2.2.1.jar:na]
	at com.alibaba.nacos.common.remote.client.grpc.GrpcClient.serverCheck(GrpcClient.java:218) ~[nacos-client-2.2.1.jar:na]
	at com.alibaba.nacos.common.remote.client.grpc.GrpcClient.connectToServer(GrpcClient.java:329) ~[nacos-client-2.2.1.jar:na]
	at com.alibaba.nacos.common.remote.client.RpcClient.reconnect(RpcClient.java:502) ~[nacos-client-2.2.1.jar:na]
	at com.alibaba.nacos.common.remote.client.RpcClient.lambda$start$2(RpcClient.java:343) ~[nacos-client-2.2.1.jar:na]
	at java.base/java.util.concurrent.Executors$RunnableAdapter.call(Executors.java:539) ~[na:na]
	at java.base/java.util.concurrent.FutureTask.run(FutureTask.java:264) ~[na:na]
	at java.base/java.util.concurrent.ScheduledThreadPoolExecutor$ScheduledFutureTask.run(ScheduledThreadPoolExecutor.java:304) ~[na:na]
	at java.base/java.util.concurrent.ThreadPoolExecutor.runWorker(ThreadPoolExecutor.java:1136) ~[na:na]
	at java.base/java.util.concurrent.ThreadPoolExecutor$Worker.run(ThreadPoolExecutor.java:635) ~[na:na]
	at java.base/java.lang.Thread.run(Thread.java:840) ~[na:na]
Caused by: com.alibaba.nacos.shaded.io.grpc.StatusRuntimeException: UNAVAILABLE: io exception
	at com.alibaba.nacos.shaded.io.grpc.Status.asRuntimeException(Status.java:539) ~[nacos-client-2.2.1.jar:na]
	at com.alibaba.nacos.shaded.io.grpc.stub.ClientCalls$UnaryStreamToFuture.onClose(ClientCalls.java:544) ~[nacos-client-2.2.1.jar:na]
	at com.alibaba.nacos.shaded.io.grpc.internal.DelayedClientCall$DelayedListener$3.run(DelayedClientCall.java:471) ~[nacos-client-2.2.1.jar:na]
	at com.alibaba.nacos.shaded.io.grpc.internal.DelayedClientCall$DelayedListener.delayOrExecute(DelayedClientCall.java:435) ~[nacos-client-2.2.1.jar:na]
	at com.alibaba.nacos.shaded.io.grpc.internal.DelayedClientCall$DelayedListener.onClose(DelayedClientCall.java:468) ~[nacos-client-2.2.1.jar:na]
	at com.alibaba.nacos.shaded.io.grpc.internal.ClientCallImpl.closeObserver(ClientCallImpl.java:563) ~[nacos-client-2.2.1.jar:na]
	at com.alibaba.nacos.shaded.io.grpc.internal.ClientCallImpl.access$300(ClientCallImpl.java:70) ~[nacos-client-2.2.1.jar:na]
	at com.alibaba.nacos.shaded.io.grpc.internal.ClientCallImpl$ClientStreamListenerImpl$1StreamClosed.runInternal(ClientCallImpl.java:744) ~[nacos-client-2.2.1.jar:na]
	at com.alibaba.nacos.shaded.io.grpc.internal.ClientCallImpl$ClientStreamListenerImpl$1StreamClosed.runInContext(ClientCallImpl.java:723) ~[nacos-client-2.2.1.jar:na]
	at com.alibaba.nacos.shaded.io.grpc.internal.ContextRunnable.run(ContextRunnable.java:37) ~[nacos-client-2.2.1.jar:na]
	at com.alibaba.nacos.shaded.io.grpc.internal.SerializingExecutor.run(SerializingExecutor.java:133) ~[nacos-client-2.2.1.jar:na]
	... 3 common frames omitted
Caused by: com.alibaba.nacos.shaded.io.grpc.netty.shaded.io.netty.channel.AbstractChannel$AnnotatedConnectException: Connection refused: getsockopt: /127.0.0.1:9848
Caused by: java.net.ConnectException: Connection refused: getsockopt
	at java.base/sun.nio.ch.Net.pollConnect(Native Method) ~[na:na]
	at java.base/sun.nio.ch.Net.pollConnectNow(Net.java:672) ~[na:na]
	at java.base/sun.nio.ch.SocketChannelImpl.finishConnect(SocketChannelImpl.java:946) ~[na:na]
	at com.alibaba.nacos.shaded.io.grpc.netty.shaded.io.netty.channel.socket.nio.NioSocketChannel.doFinishConnect(NioSocketChannel.java:337) ~[nacos-client-2.2.1.jar:na]
	at com.alibaba.nacos.shaded.io.grpc.netty.shaded.io.netty.channel.nio.AbstractNioChannel$AbstractNioUnsafe.finishConnect(AbstractNioChannel.java:334) ~[nacos-client-2.2.1.jar:na]
	at com.alibaba.nacos.shaded.io.grpc.netty.shaded.io.netty.channel.nio.NioEventLoop.processSelectedKey(NioEventLoop.java:710) ~[nacos-client-2.2.1.jar:na]
	at com.alibaba.nacos.shaded.io.grpc.netty.shaded.io.netty.channel.nio.NioEventLoop.processSelectedKeysOptimized(NioEventLoop.java:658) ~[nacos-client-2.2.1.jar:na]
	at com.alibaba.nacos.shaded.io.grpc.netty.shaded.io.netty.channel.nio.NioEventLoop.processSelectedKeys(NioEventLoop.java:584) ~[nacos-client-2.2.1.jar:na]
	at com.alibaba.nacos.shaded.io.grpc.netty.shaded.io.netty.channel.nio.NioEventLoop.run(NioEventLoop.java:496) ~[nacos-client-2.2.1.jar:na]
	at com.alibaba.nacos.shaded.io.grpc.netty.shaded.io.netty.util.concurrent.SingleThreadEventExecutor$4.run(SingleThreadEventExecutor.java:997) ~[nacos-client-2.2.1.jar:na]
	at com.alibaba.nacos.shaded.io.grpc.netty.shaded.io.netty.util.internal.ThreadExecutorMap$2.run(ThreadExecutorMap.java:74) ~[nacos-client-2.2.1.jar:na]
	at com.alibaba.nacos.shaded.io.grpc.netty.shaded.io.netty.util.concurrent.FastThreadLocalRunnable.run(FastThreadLocalRunnable.java:30) ~[nacos-client-2.2.1.jar:na]
	at java.base/java.lang.Thread.run(Thread.java:840) ~[na:na]

2026-03-13T15:55:38.111+08:00  INFO 39528 --- [com.alibaba.nacos.client.remote.worker] com.alibaba.nacos.common.remote.client   : [036434c5-85d9-4974-8e36-e2750985d740] Fail to connect server, after trying 1 times, last try server is {serverIp = '127.0.0.1', server main port = 8848}, error = unknown
2026-03-13T15:55:38.149+08:00 ERROR 39528 --- [RMI TCP Connection(2)-192.168.31.79] com.alibaba.nacos.common.remote.client   : Send request fail, request = ServiceListRequest{headers={app=unknown}, requestId='null'}, retryTimes = 0, errorMessage = Client not connected, current status:STARTING
2026-03-13T15:55:38.256+08:00 ERROR 39528 --- [RMI TCP Connection(2)-192.168.31.79] com.alibaba.nacos.common.remote.client   : Send request fail, request = ServiceListRequest{headers={app=unknown}, requestId='null'}, retryTimes = 1, errorMessage = Client not connected, current status:STARTING
2026-03-13T15:55:38.319+08:00  INFO 39528 --- [com.alibaba.nacos.client.remote.worker] c.a.n.c.remote.client.grpc.GrpcClient    : grpc client connection server:127.0.0.1 ip,serverPort:9848,grpcTslConfig:{"sslProvider":"OPENSSL","enableTls":false,"mutualAuthEnable":false,"trustAll":false}
2026-03-13T15:55:38.325+08:00 ERROR 39528 --- [com.alibaba.nacos.client.remote.worker] c.a.n.c.remote.client.grpc.GrpcClient    : Server check fail, please check server 127.0.0.1 ,port 9848 is available , error ={}

java.util.concurrent.ExecutionException: com.alibaba.nacos.shaded.io.grpc.StatusRuntimeException: UNAVAILABLE: io exception
	at com.alibaba.nacos.shaded.com.google.common.util.concurrent.AbstractFuture.getDoneValue(AbstractFuture.java:566) ~[nacos-client-2.2.1.jar:na]
	at com.alibaba.nacos.shaded.com.google.common.util.concurrent.AbstractFuture.get(AbstractFuture.java:445) ~[nacos-client-2.2.1.jar:na]
	at com.alibaba.nacos.common.remote.client.grpc.GrpcClient.serverCheck(GrpcClient.java:218) ~[nacos-client-2.2.1.jar:na]
	at com.alibaba.nacos.common.remote.client.grpc.GrpcClient.connectToServer(GrpcClient.java:329) ~[nacos-client-2.2.1.jar:na]
	at com.alibaba.nacos.common.remote.client.RpcClient.reconnect(RpcClient.java:502) ~[nacos-client-2.2.1.jar:na]
	at com.alibaba.nacos.common.remote.client.RpcClient.lambda$start$2(RpcClient.java:343) ~[nacos-client-2.2.1.jar:na]
	at java.base/java.util.concurrent.Executors$RunnableAdapter.call(Executors.java:539) ~[na:na]
	at java.base/java.util.concurrent.FutureTask.run(FutureTask.java:264) ~[na:na]
	at java.base/java.util.concurrent.ScheduledThreadPoolExecutor$ScheduledFutureTask.run(ScheduledThreadPoolExecutor.java:304) ~[na:na]
	at java.base/java.util.concurrent.ThreadPoolExecutor.runWorker(ThreadPoolExecutor.java:1136) ~[na:na]
	at java.base/java.util.concurrent.ThreadPoolExecutor$Worker.run(ThreadPoolExecutor.java:635) ~[na:na]
	at java.base/java.lang.Thread.run(Thread.java:840) ~[na:na]
Caused by: com.alibaba.nacos.shaded.io.grpc.StatusRuntimeException: UNAVAILABLE: io exception
	at com.alibaba.nacos.shaded.io.grpc.Status.asRuntimeException(Status.java:539) ~[nacos-client-2.2.1.jar:na]
	at com.alibaba.nacos.shaded.io.grpc.stub.ClientCalls$UnaryStreamToFuture.onClose(ClientCalls.java:544) ~[nacos-client-2.2.1.jar:na]
	at com.alibaba.nacos.shaded.io.grpc.internal.DelayedClientCall$DelayedListener$3.run(DelayedClientCall.java:471) ~[nacos-client-2.2.1.jar:na]
	at com.alibaba.nacos.shaded.io.grpc.internal.DelayedClientCall$DelayedListener.delayOrExecute(DelayedClientCall.java:435) ~[nacos-client-2.2.1.jar:na]
	at com.alibaba.nacos.shaded.io.grpc.internal.DelayedClientCall$DelayedListener.onClose(DelayedClientCall.java:468) ~[nacos-client-2.2.1.jar:na]
	at com.alibaba.nacos.shaded.io.grpc.internal.ClientCallImpl.closeObserver(ClientCallImpl.java:563) ~[nacos-client-2.2.1.jar:na]
	at com.alibaba.nacos.shaded.io.grpc.internal.ClientCallImpl.access$300(ClientCallImpl.java:70) ~[nacos-client-2.2.1.jar:na]
	at com.alibaba.nacos.shaded.io.grpc.internal.ClientCallImpl$ClientStreamListenerImpl$1StreamClosed.runInternal(ClientCallImpl.java:744) ~[nacos-client-2.2.1.jar:na]
	at com.alibaba.nacos.shaded.io.grpc.internal.ClientCallImpl$ClientStreamListenerImpl$1StreamClosed.runInContext(ClientCallImpl.java:723) ~[nacos-client-2.2.1.jar:na]
	at com.alibaba.nacos.shaded.io.grpc.internal.ContextRunnable.run(ContextRunnable.java:37) ~[nacos-client-2.2.1.jar:na]
	at com.alibaba.nacos.shaded.io.grpc.internal.SerializingExecutor.run(SerializingExecutor.java:133) ~[nacos-client-2.2.1.jar:na]
	... 3 common frames omitted
Caused by: com.alibaba.nacos.shaded.io.grpc.netty.shaded.io.netty.channel.AbstractChannel$AnnotatedConnectException: Connection refused: getsockopt: /127.0.0.1:9848
Caused by: java.net.ConnectException: Connection refused: getsockopt
	at java.base/sun.nio.ch.Net.pollConnect(Native Method) ~[na:na]
	at java.base/sun.nio.ch.Net.pollConnectNow(Net.java:672) ~[na:na]
	at java.base/sun.nio.ch.SocketChannelImpl.finishConnect(SocketChannelImpl.java:946) ~[na:na]
	at com.alibaba.nacos.shaded.io.grpc.netty.shaded.io.netty.channel.socket.nio.NioSocketChannel.doFinishConnect(NioSocketChannel.java:337) ~[nacos-client-2.2.1.jar:na]
	at com.alibaba.nacos.shaded.io.grpc.netty.shaded.io.netty.channel.nio.AbstractNioChannel$AbstractNioUnsafe.finishConnect(AbstractNioChannel.java:334) ~[nacos-client-2.2.1.jar:na]
	at com.alibaba.nacos.shaded.io.grpc.netty.shaded.io.netty.channel.nio.NioEventLoop.processSelectedKey(NioEventLoop.java:710) ~[nacos-client-2.2.1.jar:na]
	at com.alibaba.nacos.shaded.io.grpc.netty.shaded.io.netty.channel.nio.NioEventLoop.processSelectedKeysOptimized(NioEventLoop.java:658) ~[nacos-client-2.2.1.jar:na]
	at com.alibaba.nacos.shaded.io.grpc.netty.shaded.io.netty.channel.nio.NioEventLoop.processSelectedKeys(NioEventLoop.java:584) ~[nacos-client-2.2.1.jar:na]
	at com.alibaba.nacos.shaded.io.grpc.netty.shaded.io.netty.channel.nio.NioEventLoop.run(NioEventLoop.java:496) ~[nacos-client-2.2.1.jar:na]
	at com.alibaba.nacos.shaded.io.grpc.netty.shaded.io.netty.util.concurrent.SingleThreadEventExecutor$4.run(SingleThreadEventExecutor.java:997) ~[nacos-client-2.2.1.jar:na]
	at com.alibaba.nacos.shaded.io.grpc.netty.shaded.io.netty.util.internal.ThreadExecutorMap$2.run(ThreadExecutorMap.java:74) ~[nacos-client-2.2.1.jar:na]
	at com.alibaba.nacos.shaded.io.grpc.netty.shaded.io.netty.util.concurrent.FastThreadLocalRunnable.run(FastThreadLocalRunnable.java:30) ~[nacos-client-2.2.1.jar:na]
	at java.base/java.lang.Thread.run(Thread.java:840) ~[na:na]

2026-03-13T15:55:38.326+08:00  INFO 39528 --- [com.alibaba.nacos.client.remote.worker] com.alibaba.nacos.common.remote.client   : [036434c5-85d9-4974-8e36-e2750985d740] Fail to connect server, after trying 2 times, last try server is {serverIp = '127.0.0.1', server main port = 8848}, error = unknown
2026-03-13T15:55:38.366+08:00 ERROR 39528 --- [RMI TCP Connection(2)-192.168.31.79] com.alibaba.nacos.common.remote.client   : Send request fail, request = ServiceListRequest{headers={app=unknown}, requestId='null'}, retryTimes = 2, errorMessage = Client not connected, current status:STARTING
2026-03-13T15:55:38.366+08:00 ERROR 39528 --- [RMI TCP Connection(2)-192.168.31.79] c.a.c.n.discovery.NacosDiscoveryClient   : get service name from nacos server failed.

com.alibaba.nacos.api.exception.NacosException: Client not connected, current status:STARTING
	at com.alibaba.nacos.common.remote.client.RpcClient.request(RpcClient.java:643) ~[nacos-client-2.2.1.jar:na]
	at com.alibaba.nacos.common.remote.client.RpcClient.request(RpcClient.java:623) ~[nacos-client-2.2.1.jar:na]
	at com.alibaba.nacos.client.naming.remote.gprc.NamingGrpcClientProxy.requestToServer(NamingGrpcClientProxy.java:357) ~[nacos-client-2.2.1.jar:na]
	at com.alibaba.nacos.client.naming.remote.gprc.NamingGrpcClientProxy.getServiceList(NamingGrpcClientProxy.java:283) ~[nacos-client-2.2.1.jar:na]
	at com.alibaba.nacos.client.naming.remote.NamingClientProxyDelegate.getServiceList(NamingClientProxyDelegate.java:162) ~[nacos-client-2.2.1.jar:na]
	at com.alibaba.nacos.client.naming.NacosNamingService.getServicesOfServer(NacosNamingService.java:452) ~[nacos-client-2.2.1.jar:na]
	at com.alibaba.nacos.client.naming.NacosNamingService.getServicesOfServer(NacosNamingService.java:440) ~[nacos-client-2.2.1.jar:na]
	at com.alibaba.cloud.nacos.discovery.NacosServiceDiscovery.getServices(NacosServiceDiscovery.java:70) ~[spring-cloud-starter-alibaba-nacos-discovery-2022.0.0.0.jar:2022.0.0.0]
	at com.alibaba.cloud.nacos.discovery.NacosDiscoveryClient.getServices(NacosDiscoveryClient.java:80) ~[spring-cloud-starter-alibaba-nacos-discovery-2022.0.0.0.jar:2022.0.0.0]
	at org.springframework.cloud.client.discovery.composite.CompositeDiscoveryClient.getServices(CompositeDiscoveryClient.java:68) ~[spring-cloud-commons-4.0.4.jar:4.0.4]
	at org.springframework.cloud.client.discovery.health.DiscoveryClientHealthIndicator.health(DiscoveryClientHealthIndicator.java:73) ~[spring-cloud-commons-4.0.4.jar:4.0.4]
	at org.springframework.boot.actuate.health.HealthIndicator.getHealth(HealthIndicator.java:37) ~[spring-boot-actuator-3.1.5.jar:3.1.5]
	at org.springframework.boot.actuate.health.HealthEndpoint.getHealth(HealthEndpoint.java:82) ~[spring-boot-actuator-3.1.5.jar:3.1.5]
	at org.springframework.boot.actuate.health.HealthEndpoint.getHealth(HealthEndpoint.java:41) ~[spring-boot-actuator-3.1.5.jar:3.1.5]
	at org.springframework.boot.actuate.health.HealthEndpointSupport.getLoggedHealth(HealthEndpointSupport.java:172) ~[spring-boot-actuator-3.1.5.jar:3.1.5]
	at org.springframework.boot.actuate.health.HealthEndpointSupport.getContribution(HealthEndpointSupport.java:145) ~[spring-boot-actuator-3.1.5.jar:3.1.5]
	at org.springframework.boot.actuate.health.HealthEndpointSupport.getAggregateContribution(HealthEndpointSupport.java:156) ~[spring-boot-actuator-3.1.5.jar:3.1.5]
	at org.springframework.boot.actuate.health.HealthEndpointSupport.getContribution(HealthEndpointSupport.java:141) ~[spring-boot-actuator-3.1.5.jar:3.1.5]
	at org.springframework.boot.actuate.health.HealthEndpointSupport.getAggregateContribution(HealthEndpointSupport.java:156) ~[spring-boot-actuator-3.1.5.jar:3.1.5]
	at org.springframework.boot.actuate.health.HealthEndpointSupport.getContribution(HealthEndpointSupport.java:141) ~[spring-boot-actuator-3.1.5.jar:3.1.5]
	at org.springframework.boot.actuate.health.HealthEndpointSupport.getHealth(HealthEndpointSupport.java:110) ~[spring-boot-actuator-3.1.5.jar:3.1.5]
	at org.springframework.boot.actuate.health.HealthEndpointSupport.getHealth(HealthEndpointSupport.java:81) ~[spring-boot-actuator-3.1.5.jar:3.1.5]
	at org.springframework.boot.actuate.health.HealthEndpoint.health(HealthEndpoint.java:76) ~[spring-boot-actuator-3.1.5.jar:3.1.5]
	at org.springframework.boot.actuate.health.HealthEndpoint.health(HealthEndpoint.java:66) ~[spring-boot-actuator-3.1.5.jar:3.1.5]
	at java.base/jdk.internal.reflect.NativeMethodAccessorImpl.invoke0(Native Method) ~[na:na]
	at java.base/jdk.internal.reflect.NativeMethodAccessorImpl.invoke(NativeMethodAccessorImpl.java:77) ~[na:na]
	at java.base/jdk.internal.reflect.DelegatingMethodAccessorImpl.invoke(DelegatingMethodAccessorImpl.java:43) ~[na:na]
	at java.base/java.lang.reflect.Method.invoke(Method.java:568) ~[na:na]
	at org.springframework.util.ReflectionUtils.invokeMethod(ReflectionUtils.java:281) ~[spring-core-6.0.13.jar:6.0.13]
	at org.springframework.boot.actuate.endpoint.invoke.reflect.ReflectiveOperationInvoker.invoke(ReflectiveOperationInvoker.java:74) ~[spring-boot-actuator-3.1.5.jar:3.1.5]
	at org.springframework.boot.actuate.endpoint.annotation.AbstractDiscoveredOperation.invoke(AbstractDiscoveredOperation.java:60) ~[spring-boot-actuator-3.1.5.jar:3.1.5]
	at org.springframework.boot.actuate.endpoint.jmx.EndpointMBean.invoke(EndpointMBean.java:124) ~[spring-boot-actuator-3.1.5.jar:3.1.5]
	at org.springframework.boot.actuate.endpoint.jmx.EndpointMBean.invoke(EndpointMBean.java:97) ~[spring-boot-actuator-3.1.5.jar:3.1.5]
	at java.management/com.sun.jmx.interceptor.DefaultMBeanServerInterceptor.invoke(DefaultMBeanServerInterceptor.java:814) ~[na:na]
	at java.management/com.sun.jmx.mbeanserver.JmxMBeanServer.invoke(JmxMBeanServer.java:802) ~[na:na]
	at java.management.rmi/javax.management.remote.rmi.RMIConnectionImpl.doOperation(RMIConnectionImpl.java:1472) ~[na:na]
	at java.management.rmi/javax.management.remote.rmi.RMIConnectionImpl$PrivilegedOperation.run(RMIConnectionImpl.java:1310) ~[na:na]
	at java.management.rmi/javax.management.remote.rmi.RMIConnectionImpl.doPrivilegedOperation(RMIConnectionImpl.java:1405) ~[na:na]
	at java.management.rmi/javax.management.remote.rmi.RMIConnectionImpl.invoke(RMIConnectionImpl.java:829) ~[na:na]
	at java.base/jdk.internal.reflect.GeneratedMethodAccessor25.invoke(Unknown Source) ~[na:na]
	at java.base/jdk.internal.reflect.DelegatingMethodAccessorImpl.invoke(DelegatingMethodAccessorImpl.java:43) ~[na:na]
	at java.base/java.lang.reflect.Method.invoke(Method.java:568) ~[na:na]
	at java.rmi/sun.rmi.server.UnicastServerRef.dispatch(UnicastServerRef.java:360) ~[na:na]
	at java.rmi/sun.rmi.transport.Transport$1.run(Transport.java:200) ~[na:na]
	at java.rmi/sun.rmi.transport.Transport$1.run(Transport.java:197) ~[na:na]
	at java.base/java.security.AccessController.doPrivileged(AccessController.java:712) ~[na:na]
	at java.rmi/sun.rmi.transport.Transport.serviceCall(Transport.java:196) ~[na:na]
	at java.rmi/sun.rmi.transport.tcp.TCPTransport.handleMessages(TCPTransport.java:587) ~[na:na]
	at java.rmi/sun.rmi.transport.tcp.TCPTransport$ConnectionHandler.run0(TCPTransport.java:828) ~[na:na]
	at java.rmi/sun.rmi.transport.tcp.TCPTransport$ConnectionHandler.lambda$run$0(TCPTransport.java:705) ~[na:na]
	at java.base/java.security.AccessController.doPrivileged(AccessController.java:399) ~[na:na]
	at java.rmi/sun.rmi.transport.tcp.TCPTransport$ConnectionHandler.run(TCPTransport.java:704) ~[na:na]
	at java.base/java.util.concurrent.ThreadPoolExecutor.runWorker(ThreadPoolExecutor.java:1136) ~[na:na]
	at java.base/java.util.concurrent.ThreadPoolExecutor$Worker.run(ThreadPoolExecutor.java:635) ~[na:na]
	at java.base/java.lang.Thread.run(Thread.java:840) ~[na:na]

2026-03-13T15:55:38.631+08:00  INFO 39528 --- [com.alibaba.nacos.client.remote.worker] c.a.n.c.remote.client.grpc.GrpcClient    : grpc client connection server:127.0.0.1 ip,serverPort:9848,grpcTslConfig:{"sslProvider":"OPENSSL","enableTls":false,"mutualAuthEnable":false,"trustAll":false}
2026-03-13T15:55:38.639+08:00 ERROR 39528 --- [com.alibaba.nacos.client.remote.worker] c.a.n.c.remote.client.grpc.GrpcClient    : Server check fail, please check server 127.0.0.1 ,port 9848 is available , error ={}

java.util.concurrent.ExecutionException: com.alibaba.nacos.shaded.io.grpc.StatusRuntimeException: UNAVAILABLE: io exception
	at com.alibaba.nacos.shaded.com.google.common.util.concurrent.AbstractFuture.getDoneValue(AbstractFuture.java:566) ~[nacos-client-2.2.1.jar:na]
	at com.alibaba.nacos.shaded.com.google.common.util.concurrent.AbstractFuture.get(AbstractFuture.java:445) ~[nacos-client-2.2.1.jar:na]
	at com.alibaba.nacos.common.remote.client.grpc.GrpcClient.serverCheck(GrpcClient.java:218) ~[nacos-client-2.2.1.jar:na]
	at com.alibaba.nacos.common.remote.client.grpc.GrpcClient.connectToServer(GrpcClient.java:329) ~[nacos-client-2.2.1.jar:na]
	at com.alibaba.nacos.common.remote.client.RpcClient.reconnect(RpcClient.java:502) ~[nacos-client-2.2.1.jar:na]
	at com.alibaba.nacos.common.remote.client.RpcClient.lambda$start$2(RpcClient.java:343) ~[nacos-client-2.2.1.jar:na]
	at java.base/java.util.concurrent.Executors$RunnableAdapter.call(Executors.java:539) ~[na:na]
	at java.base/java.util.concurrent.FutureTask.run(FutureTask.java:264) ~[na:na]
	at java.base/java.util.concurrent.ScheduledThreadPoolExecutor$ScheduledFutureTask.run(ScheduledThreadPoolExecutor.java:304) ~[na:na]
	at java.base/java.util.concurrent.ThreadPoolExecutor.runWorker(ThreadPoolExecutor.java:1136) ~[na:na]
	at java.base/java.util.concurrent.ThreadPoolExecutor$Worker.run(ThreadPoolExecutor.java:635) ~[na:na]
	at java.base/java.lang.Thread.run(Thread.java:840) ~[na:na]
Caused by: com.alibaba.nacos.shaded.io.grpc.StatusRuntimeException: UNAVAILABLE: io exception
	at com.alibaba.nacos.shaded.io.grpc.Status.asRuntimeException(Status.java:539) ~[nacos-client-2.2.1.jar:na]
	at com.alibaba.nacos.shaded.io.grpc.stub.ClientCalls$UnaryStreamToFuture.onClose(ClientCalls.java:544) ~[nacos-client-2.2.1.jar:na]
	at com.alibaba.nacos.shaded.io.grpc.internal.DelayedClientCall$DelayedListener$3.run(DelayedClientCall.java:471) ~[nacos-client-2.2.1.jar:na]
	at com.alibaba.nacos.shaded.io.grpc.internal.DelayedClientCall$DelayedListener.delayOrExecute(DelayedClientCall.java:435) ~[nacos-client-2.2.1.jar:na]
	at com.alibaba.nacos.shaded.io.grpc.internal.DelayedClientCall$DelayedListener.onClose(DelayedClientCall.java:468) ~[nacos-client-2.2.1.jar:na]
	at com.alibaba.nacos.shaded.io.grpc.internal.ClientCallImpl.closeObserver(ClientCallImpl.java:563) ~[nacos-client-2.2.1.jar:na]
	at com.alibaba.nacos.shaded.io.grpc.internal.ClientCallImpl.access$300(ClientCallImpl.java:70) ~[nacos-client-2.2.1.jar:na]
	at com.alibaba.nacos.shaded.io.grpc.internal.ClientCallImpl$ClientStreamListenerImpl$1StreamClosed.runInternal(ClientCallImpl.java:744) ~[nacos-client-2.2.1.jar:na]
	at com.alibaba.nacos.shaded.io.grpc.internal.ClientCallImpl$ClientStreamListenerImpl$1StreamClosed.runInContext(ClientCallImpl.java:723) ~[nacos-client-2.2.1.jar:na]
	at com.alibaba.nacos.shaded.io.grpc.internal.ContextRunnable.run(ContextRunnable.java:37) ~[nacos-client-2.2.1.jar:na]
	at com.alibaba.nacos.shaded.io.grpc.internal.SerializingExecutor.run(SerializingExecutor.java:133) ~[nacos-client-2.2.1.jar:na]
	... 3 common frames omitted
Caused by: com.alibaba.nacos.shaded.io.grpc.netty.shaded.io.netty.channel.AbstractChannel$AnnotatedConnectException: Connection refused: getsockopt: /127.0.0.1:9848
Caused by: java.net.ConnectException: Connection refused: getsockopt
	at java.base/sun.nio.ch.Net.pollConnect(Native Method) ~[na:na]
	at java.base/sun.nio.ch.Net.pollConnectNow(Net.java:672) ~[na:na]
	at java.base/sun.nio.ch.SocketChannelImpl.finishConnect(SocketChannelImpl.java:946) ~[na:na]
	at com.alibaba.nacos.shaded.io.grpc.netty.shaded.io.netty.channel.socket.nio.NioSocketChannel.doFinishConnect(NioSocketChannel.java:337) ~[nacos-client-2.2.1.jar:na]
	at com.alibaba.nacos.shaded.io.grpc.netty.shaded.io.netty.channel.nio.AbstractNioChannel$AbstractNioUnsafe.finishConnect(AbstractNioChannel.java:334) ~[nacos-client-2.2.1.jar:na]
	at com.alibaba.nacos.shaded.io.grpc.netty.shaded.io.netty.channel.nio.NioEventLoop.processSelectedKey(NioEventLoop.java:710) ~[nacos-client-2.2.1.jar:na]
	at com.alibaba.nacos.shaded.io.grpc.netty.shaded.io.netty.channel.nio.NioEventLoop.processSelectedKeysOptimized(NioEventLoop.java:658) ~[nacos-client-2.2.1.jar:na]
	at com.alibaba.nacos.shaded.io.grpc.netty.shaded.io.netty.channel.nio.NioEventLoop.processSelectedKeys(NioEventLoop.java:584) ~[nacos-client-2.2.1.jar:na]
	at com.alibaba.nacos.shaded.io.grpc.netty.shaded.io.netty.channel.nio.NioEventLoop.run(NioEventLoop.java:496) ~[nacos-client-2.2.1.jar:na]
	at com.alibaba.nacos.shaded.io.grpc.netty.shaded.io.netty.util.concurrent.SingleThreadEventExecutor$4.run(SingleThreadEventExecutor.java:997) ~[nacos-client-2.2.1.jar:na]
	at com.alibaba.nacos.shaded.io.grpc.netty.shaded.io.netty.util.internal.ThreadExecutorMap$2.run(ThreadExecutorMap.java:74) ~[nacos-client-2.2.1.jar:na]
	at com.alibaba.nacos.shaded.io.grpc.netty.shaded.io.netty.util.concurrent.FastThreadLocalRunnable.run(FastThreadLocalRunnable.java:30) ~[nacos-client-2.2.1.jar:na]
	at java.base/java.lang.Thread.run(Thread.java:840) ~[na:na]

2026-03-13T15:55:38.639+08:00  INFO 39528 --- [com.alibaba.nacos.client.remote.worker] com.alibaba.nacos.common.remote.client   : [036434c5-85d9-4974-8e36-e2750985d740] Fail to connect server, after trying 3 times, last try server is {serverIp = '127.0.0.1', server main port = 8848}, error = unknown
2026-03-13T15:55:38.684+08:00  WARN 39528 --- [boundedElastic-1] o.s.b.a.d.r.RedisReactiveHealthIndicator : Redis health check failed

org.springframework.data.redis.RedisConnectionFailureException: Unable to connect to Redis
	at org.springframework.data.redis.connection.lettuce.LettuceConnectionFactory$ExceptionTranslatingConnectionProvider.translateException(LettuceConnectionFactory.java:1604) ~[spring-data-redis-3.1.5.jar:3.1.5]
	at org.springframework.data.redis.connection.lettuce.LettuceConnectionFactory$ExceptionTranslatingConnectionProvider.getConnection(LettuceConnectionFactory.java:1535) ~[spring-data-redis-3.1.5.jar:3.1.5]
	at org.springframework.data.redis.connection.lettuce.LettuceConnectionFactory$SharedConnection.getNativeConnection(LettuceConnectionFactory.java:1360) ~[spring-data-redis-3.1.5.jar:3.1.5]
	at org.springframework.data.redis.connection.lettuce.LettuceConnectionFactory$SharedConnection.getConnection(LettuceConnectionFactory.java:1343) ~[spring-data-redis-3.1.5.jar:3.1.5]
	at org.springframework.data.redis.connection.lettuce.LettuceConnectionFactory.getSharedReactiveConnection(LettuceConnectionFactory.java:1085) ~[spring-data-redis-3.1.5.jar:3.1.5]
	at org.springframework.data.redis.connection.lettuce.LettuceConnectionFactory.getReactiveConnection(LettuceConnectionFactory.java:481) ~[spring-data-redis-3.1.5.jar:3.1.5]
	at org.springframework.data.redis.connection.lettuce.LettuceConnectionFactory.getReactiveConnection(LettuceConnectionFactory.java:107) ~[spring-data-redis-3.1.5.jar:3.1.5]
	at reactor.core.publisher.MonoSupplier.call(MonoSupplier.java:67) ~[reactor-core-3.5.11.jar:3.5.11]
	at reactor.core.publisher.FluxSubscribeOnCallable$CallableSubscribeOnSubscription.run(FluxSubscribeOnCallable.java:227) ~[reactor-core-3.5.11.jar:3.5.11]
	at reactor.core.scheduler.SchedulerTask.call(SchedulerTask.java:68) ~[reactor-core-3.5.11.jar:3.5.11]
	at reactor.core.scheduler.SchedulerTask.call(SchedulerTask.java:28) ~[reactor-core-3.5.11.jar:3.5.11]
	at java.base/java.util.concurrent.FutureTask.run(FutureTask.java:264) ~[na:na]
	at java.base/java.util.concurrent.ScheduledThreadPoolExecutor$ScheduledFutureTask.run(ScheduledThreadPoolExecutor.java:304) ~[na:na]
	at java.base/java.util.concurrent.ThreadPoolExecutor.runWorker(ThreadPoolExecutor.java:1136) ~[na:na]
	at java.base/java.util.concurrent.ThreadPoolExecutor$Worker.run(ThreadPoolExecutor.java:635) ~[na:na]
	at java.base/java.lang.Thread.run(Thread.java:840) ~[na:na]
Caused by: io.lettuce.core.RedisConnectionException: Unable to connect to 127.0.0.1/<unresolved>:6379
	at io.lettuce.core.RedisConnectionException.create(RedisConnectionException.java:78) ~[lettuce-core-6.2.6.RELEASE.jar:6.2.6.RELEASE]
	at io.lettuce.core.RedisConnectionException.create(RedisConnectionException.java:56) ~[lettuce-core-6.2.6.RELEASE.jar:6.2.6.RELEASE]
	at io.lettuce.core.AbstractRedisClient.getConnection(AbstractRedisClient.java:350) ~[lettuce-core-6.2.6.RELEASE.jar:6.2.6.RELEASE]
	at io.lettuce.core.RedisClient.connect(RedisClient.java:216) ~[lettuce-core-6.2.6.RELEASE.jar:6.2.6.RELEASE]
	at org.springframework.data.redis.connection.lettuce.StandaloneConnectionProvider.lambda$getConnection$1(StandaloneConnectionProvider.java:112) ~[spring-data-redis-3.1.5.jar:3.1.5]
	at java.base/java.util.Optional.orElseGet(Optional.java:364) ~[na:na]
	at org.springframework.data.redis.connection.lettuce.StandaloneConnectionProvider.getConnection(StandaloneConnectionProvider.java:112) ~[spring-data-redis-3.1.5.jar:3.1.5]
	at org.springframework.data.redis.connection.lettuce.LettuceConnectionFactory$ExceptionTranslatingConnectionProvider.getConnection(LettuceConnectionFactory.java:1533) ~[spring-data-redis-3.1.5.jar:3.1.5]
	... 14 common frames omitted
Caused by: io.netty.channel.AbstractChannel$AnnotatedConnectException: Connection refused: getsockopt: /127.0.0.1:6379
Caused by: java.net.ConnectException: Connection refused: getsockopt
	at java.base/sun.nio.ch.Net.pollConnect(Native Method) ~[na:na]
	at java.base/sun.nio.ch.Net.pollConnectNow(Net.java:672) ~[na:na]
	at java.base/sun.nio.ch.SocketChannelImpl.finishConnect(SocketChannelImpl.java:946) ~[na:na]
	at io.netty.channel.socket.nio.NioSocketChannel.doFinishConnect(NioSocketChannel.java:337) ~[netty-transport-4.1.100.Final.jar:4.1.100.Final]
	at io.netty.channel.nio.AbstractNioChannel$AbstractNioUnsafe.finishConnect(AbstractNioChannel.java:334) ~[netty-transport-4.1.100.Final.jar:4.1.100.Final]
	at io.netty.channel.nio.NioEventLoop.processSelectedKey(NioEventLoop.java:776) ~[netty-transport-4.1.100.Final.jar:4.1.100.Final]
	at io.netty.channel.nio.NioEventLoop.processSelectedKeysOptimized(NioEventLoop.java:724) ~[netty-transport-4.1.100.Final.jar:4.1.100.Final]
	at io.netty.channel.nio.NioEventLoop.processSelectedKeys(NioEventLoop.java:650) ~[netty-transport-4.1.100.Final.jar:4.1.100.Final]
	at io.netty.channel.nio.NioEventLoop.run(NioEventLoop.java:562) ~[netty-transport-4.1.100.Final.jar:4.1.100.Final]
	at io.netty.util.concurrent.SingleThreadEventExecutor$4.run(SingleThreadEventExecutor.java:997) ~[netty-common-4.1.100.Final.jar:4.1.100.Final]
	at io.netty.util.internal.ThreadExecutorMap$2.run(ThreadExecutorMap.java:74) ~[netty-common-4.1.100.Final.jar:4.1.100.Final]
	at io.netty.util.concurrent.FastThreadLocalRunnable.run(FastThreadLocalRunnable.java:30) ~[netty-common-4.1.100.Final.jar:4.1.100.Final]
	at java.base/java.lang.Thread.run(Thread.java:840) ~[na:na]

2026-03-13T15:55:38.927+08:00  INFO 39528 --- [com.alibaba.nacos.client.remote.worker] c.a.n.c.remote.client.grpc.GrpcClient    : grpc client connection server:127.0.0.1 ip,serverPort:9848,grpcTslConfig:{"sslProvider":"OPENSSL","enableTls":false,"mutualAuthEnable":false,"trustAll":false}
2026-03-13T15:55:38.932+08:00 ERROR 39528 --- [com.alibaba.nacos.client.remote.worker] c.a.n.c.remote.client.grpc.GrpcClient    : Server check fail, please check server 127.0.0.1 ,port 9848 is available , error ={}

java.util.concurrent.ExecutionException: com.alibaba.nacos.shaded.io.grpc.StatusRuntimeException: UNAVAILABLE: io exception
	at com.alibaba.nacos.shaded.com.google.common.util.concurrent.AbstractFuture.getDoneValue(AbstractFuture.java:566) ~[nacos-client-2.2.1.jar:na]
	at com.alibaba.nacos.shaded.com.google.common.util.concurrent.AbstractFuture.get(AbstractFuture.java:445) ~[nacos-client-2.2.1.jar:na]
	at com.alibaba.nacos.common.remote.client.grpc.GrpcClient.serverCheck(GrpcClient.java:218) ~[nacos-client-2.2.1.jar:na]
	at com.alibaba.nacos.common.remote.client.grpc.GrpcClient.connectToServer(GrpcClient.java:329) ~[nacos-client-2.2.1.jar:na]
	at com.alibaba.nacos.common.remote.client.RpcClient.reconnect(RpcClient.java:502) ~[nacos-client-2.2.1.jar:na]
	at com.alibaba.nacos.common.remote.client.RpcClient.lambda$start$2(RpcClient.java:343) ~[nacos-client-2.2.1.jar:na]
	at java.base/java.util.concurrent.Executors$RunnableAdapter.call(Executors.java:539) ~[na:na]
	at java.base/java.util.concurrent.FutureTask.run(FutureTask.java:264) ~[na:na]
	at java.base/java.util.concurrent.ScheduledThreadPoolExecutor$ScheduledFutureTask.run(ScheduledThreadPoolExecutor.java:304) ~[na:na]
	at java.base/java.util.concurrent.ThreadPoolExecutor.runWorker(ThreadPoolExecutor.java:1136) ~[na:na]
	at java.base/java.util.concurrent.ThreadPoolExecutor$Worker.run(ThreadPoolExecutor.java:635) ~[na:na]
	at java.base/java.lang.Thread.run(Thread.java:840) ~[na:na]
Caused by: com.alibaba.nacos.shaded.io.grpc.StatusRuntimeException: UNAVAILABLE: io exception
	at com.alibaba.nacos.shaded.io.grpc.Status.asRuntimeException(Status.java:539) ~[nacos-client-2.2.1.jar:na]
	at com.alibaba.nacos.shaded.io.grpc.stub.ClientCalls$UnaryStreamToFuture.onClose(ClientCalls.java:544) ~[nacos-client-2.2.1.jar:na]
	at com.alibaba.nacos.shaded.io.grpc.internal.DelayedClientCall$DelayedListener$3.run(DelayedClientCall.java:471) ~[nacos-client-2.2.1.jar:na]
	at com.alibaba.nacos.shaded.io.grpc.internal.DelayedClientCall$DelayedListener.delayOrExecute(DelayedClientCall.java:435) ~[nacos-client-2.2.1.jar:na]
	at com.alibaba.nacos.shaded.io.grpc.internal.DelayedClientCall$DelayedListener.onClose(DelayedClientCall.java:468) ~[nacos-client-2.2.1.jar:na]
	at com.alibaba.nacos.shaded.io.grpc.internal.ClientCallImpl.closeObserver(ClientCallImpl.java:563) ~[nacos-client-2.2.1.jar:na]
	at com.alibaba.nacos.shaded.io.grpc.internal.ClientCallImpl.access$300(ClientCallImpl.java:70) ~[nacos-client-2.2.1.jar:na]
	at com.alibaba.nacos.shaded.io.grpc.internal.ClientCallImpl$ClientStreamListenerImpl$1StreamClosed.runInternal(ClientCallImpl.java:744) ~[nacos-client-2.2.1.jar:na]
	at com.alibaba.nacos.shaded.io.grpc.internal.ClientCallImpl$ClientStreamListenerImpl$1StreamClosed.runInContext(ClientCallImpl.java:723) ~[nacos-client-2.2.1.jar:na]
	at com.alibaba.nacos.shaded.io.grpc.internal.ContextRunnable.run(ContextRunnable.java:37) ~[nacos-client-2.2.1.jar:na]
	at com.alibaba.nacos.shaded.io.grpc.internal.SerializingExecutor.run(SerializingExecutor.java:133) ~[nacos-client-2.2.1.jar:na]
	... 3 common frames omitted
Caused by: com.alibaba.nacos.shaded.io.grpc.netty.shaded.io.netty.channel.AbstractChannel$AnnotatedConnectException: Connection refused: getsockopt: /127.0.0.1:9848
Caused by: java.net.ConnectException: Connection refused: getsockopt
	at java.base/sun.nio.ch.Net.pollConnect(Native Method) ~[na:na]
	at java.base/sun.nio.ch.Net.pollConnectNow(Net.java:672) ~[na:na]
	at java.base/sun.nio.ch.SocketChannelImpl.finishConnect(SocketChannelImpl.java:946) ~[na:na]
	at com.alibaba.nacos.shaded.io.grpc.netty.shaded.io.netty.channel.socket.nio.NioSocketChannel.doFinishConnect(NioSocketChannel.java:337) ~[nacos-client-2.2.1.jar:na]
	at com.alibaba.nacos.shaded.io.grpc.netty.shaded.io.netty.channel.nio.AbstractNioChannel$AbstractNioUnsafe.finishConnect(AbstractNioChannel.java:334) ~[nacos-client-2.2.1.jar:na]
	at com.alibaba.nacos.shaded.io.grpc.netty.shaded.io.netty.channel.nio.NioEventLoop.processSelectedKey(NioEventLoop.java:710) ~[nacos-client-2.2.1.jar:na]
	at com.alibaba.nacos.shaded.io.grpc.netty.shaded.io.netty.channel.nio.NioEventLoop.processSelectedKeysOptimized(NioEventLoop.java:658) ~[nacos-client-2.2.1.jar:na]
	at com.alibaba.nacos.shaded.io.grpc.netty.shaded.io.netty.channel.nio.NioEventLoop.processSelectedKeys(NioEventLoop.java:584) ~[nacos-client-2.2.1.jar:na]
	at com.alibaba.nacos.shaded.io.grpc.netty.shaded.io.netty.channel.nio.NioEventLoop.run(NioEventLoop.java:496) ~[nacos-client-2.2.1.jar:na]
	at com.alibaba.nacos.shaded.io.grpc.netty.shaded.io.netty.util.concurrent.SingleThreadEventExecutor$4.run(SingleThreadEventExecutor.java:997) ~[nacos-client-2.2.1.jar:na]
	at com.alibaba.nacos.shaded.io.grpc.netty.shaded.io.netty.util.internal.ThreadExecutorMap$2.run(ThreadExecutorMap.java:74) ~[nacos-client-2.2.1.jar:na]
	at com.alibaba.nacos.shaded.io.grpc.netty.shaded.io.netty.util.concurrent.FastThreadLocalRunnable.run(FastThreadLocalRunnable.java:30) ~[nacos-client-2.2.1.jar:na]
	at java.base/java.lang.Thread.run(Thread.java:840) ~[na:na]

2026-03-13T15:55:38.934+08:00  INFO 39528 --- [com.alibaba.nacos.client.remote.worker] com.alibaba.nacos.common.remote.client   : [902fb123-8452-43f3-b4d5-aa3097eddab5_config-0] Fail to connect server, after trying 11 times, last try server is {serverIp = '127.0.0.1', server main port = 8848}, error = unknown
2026-03-13T15:55:39.054+08:00  INFO 39528 --- [com.alibaba.nacos.client.remote.worker] c.a.n.c.remote.client.grpc.GrpcClient    : grpc client connection server:127.0.0.1 ip,serverPort:9848,grpcTslConfig:{"sslProvider":"OPENSSL","enableTls":false,"mutualAuthEnable":false,"trustAll":false}
2026-03-13T15:55:39.071+08:00 ERROR 39528 --- [com.alibaba.nacos.client.remote.worker] c.a.n.c.remote.client.grpc.GrpcClient    : Server check fail, please check server 127.0.0.1 ,port 9848 is available , error ={}

java.util.concurrent.ExecutionException: com.alibaba.nacos.shaded.io.grpc.StatusRuntimeException: UNAVAILABLE: io exception
	at com.alibaba.nacos.shaded.com.google.common.util.concurrent.AbstractFuture.getDoneValue(AbstractFuture.java:566) ~[nacos-client-2.2.1.jar:na]
	at com.alibaba.nacos.shaded.com.google.common.util.concurrent.AbstractFuture.get(AbstractFuture.java:445) ~[nacos-client-2.2.1.jar:na]
	at com.alibaba.nacos.common.remote.client.grpc.GrpcClient.serverCheck(GrpcClient.java:218) ~[nacos-client-2.2.1.jar:na]
	at com.alibaba.nacos.common.remote.client.grpc.GrpcClient.connectToServer(GrpcClient.java:329) ~[nacos-client-2.2.1.jar:na]
	at com.alibaba.nacos.common.remote.client.RpcClient.reconnect(RpcClient.java:502) ~[nacos-client-2.2.1.jar:na]
	at com.alibaba.nacos.common.remote.client.RpcClient.lambda$start$2(RpcClient.java:343) ~[nacos-client-2.2.1.jar:na]
	at java.base/java.util.concurrent.Executors$RunnableAdapter.call(Executors.java:539) ~[na:na]
	at java.base/java.util.concurrent.FutureTask.run(FutureTask.java:264) ~[na:na]
	at java.base/java.util.concurrent.ScheduledThreadPoolExecutor$ScheduledFutureTask.run(ScheduledThreadPoolExecutor.java:304) ~[na:na]
	at java.base/java.util.concurrent.ThreadPoolExecutor.runWorker(ThreadPoolExecutor.java:1136) ~[na:na]
	at java.base/java.util.concurrent.ThreadPoolExecutor$Worker.run(ThreadPoolExecutor.java:635) ~[na:na]
	at java.base/java.lang.Thread.run(Thread.java:840) ~[na:na]
Caused by: com.alibaba.nacos.shaded.io.grpc.StatusRuntimeException: UNAVAILABLE: io exception
	at com.alibaba.nacos.shaded.io.grpc.Status.asRuntimeException(Status.java:539) ~[nacos-client-2.2.1.jar:na]
	at com.alibaba.nacos.shaded.io.grpc.stub.ClientCalls$UnaryStreamToFuture.onClose(ClientCalls.java:544) ~[nacos-client-2.2.1.jar:na]
	at com.alibaba.nacos.shaded.io.grpc.internal.DelayedClientCall$DelayedListener$3.run(DelayedClientCall.java:471) ~[nacos-client-2.2.1.jar:na]
	at com.alibaba.nacos.shaded.io.grpc.internal.DelayedClientCall$DelayedListener.delayOrExecute(DelayedClientCall.java:435) ~[nacos-client-2.2.1.jar:na]
	at com.alibaba.nacos.shaded.io.grpc.internal.DelayedClientCall$DelayedListener.onClose(DelayedClientCall.java:468) ~[nacos-client-2.2.1.jar:na]
	at com.alibaba.nacos.shaded.io.grpc.internal.ClientCallImpl.closeObserver(ClientCallImpl.java:563) ~[nacos-client-2.2.1.jar:na]
	at com.alibaba.nacos.shaded.io.grpc.internal.ClientCallImpl.access$300(ClientCallImpl.java:70) ~[nacos-client-2.2.1.jar:na]
	at com.alibaba.nacos.shaded.io.grpc.internal.ClientCallImpl$ClientStreamListenerImpl$1StreamClosed.runInternal(ClientCallImpl.java:744) ~[nacos-client-2.2.1.jar:na]
	at com.alibaba.nacos.shaded.io.grpc.internal.ClientCallImpl$ClientStreamListenerImpl$1StreamClosed.runInContext(ClientCallImpl.java:723) ~[nacos-client-2.2.1.jar:na]
	at com.alibaba.nacos.shaded.io.grpc.internal.ContextRunnable.run(ContextRunnable.java:37) ~[nacos-client-2.2.1.jar:na]
	at com.alibaba.nacos.shaded.io.grpc.internal.SerializingExecutor.run(SerializingExecutor.java:133) ~[nacos-client-2.2.1.jar:na]
	... 3 common frames omitted
Caused by: com.alibaba.nacos.shaded.io.grpc.netty.shaded.io.netty.channel.AbstractChannel$AnnotatedConnectException: Connection refused: getsockopt: /127.0.0.1:9848
Caused by: java.net.ConnectException: Connection refused: getsockopt
	at java.base/sun.nio.ch.Net.pollConnect(Native Method) ~[na:na]
	at java.base/sun.nio.ch.Net.pollConnectNow(Net.java:672) ~[na:na]
	at java.base/sun.nio.ch.SocketChannelImpl.finishConnect(SocketChannelImpl.java:946) ~[na:na]
	at com.alibaba.nacos.shaded.io.grpc.netty.shaded.io.netty.channel.socket.nio.NioSocketChannel.doFinishConnect(NioSocketChannel.java:337) ~[nacos-client-2.2.1.jar:na]
	at com.alibaba.nacos.shaded.io.grpc.netty.shaded.io.netty.channel.nio.AbstractNioChannel$AbstractNioUnsafe.finishConnect(AbstractNioChannel.java:334) ~[nacos-client-2.2.1.jar:na]
	at com.alibaba.nacos.shaded.io.grpc.netty.shaded.io.netty.channel.nio.NioEventLoop.processSelectedKey(NioEventLoop.java:710) ~[nacos-client-2.2.1.jar:na]
	at com.alibaba.nacos.shaded.io.grpc.netty.shaded.io.netty.channel.nio.NioEventLoop.processSelectedKeysOptimized(NioEventLoop.java:658) ~[nacos-client-2.2.1.jar:na]
	at com.alibaba.nacos.shaded.io.grpc.netty.shaded.io.netty.channel.nio.NioEventLoop.processSelectedKeys(NioEventLoop.java:584) ~[nacos-client-2.2.1.jar:na]
	at com.alibaba.nacos.shaded.io.grpc.netty.shaded.io.netty.channel.nio.NioEventLoop.run(NioEventLoop.java:496) ~[nacos-client-2.2.1.jar:na]
	at com.alibaba.nacos.shaded.io.grpc.netty.shaded.io.netty.util.concurrent.SingleThreadEventExecutor$4.run(SingleThreadEventExecutor.java:997) ~[nacos-client-2.2.1.jar:na]
	at com.alibaba.nacos.shaded.io.grpc.netty.shaded.io.netty.util.internal.ThreadExecutorMap$2.run(ThreadExecutorMap.java:74) ~[nacos-client-2.2.1.jar:na]
	at com.alibaba.nacos.shaded.io.grpc.netty.shaded.io.netty.util.concurrent.FastThreadLocalRunnable.run(FastThreadLocalRunnable.java:30) ~[nacos-client-2.2.1.jar:na]
	at java.base/java.lang.Thread.run(Thread.java:840) ~[na:na]

2026-03-13T15:55:39.072+08:00  INFO 39528 --- [com.alibaba.nacos.client.remote.worker] com.alibaba.nacos.common.remote.client   : [036434c5-85d9-4974-8e36-e2750985d740] Fail to connect server, after trying 4 times, last try server is {serverIp = '127.0.0.1', server main port = 8848}, error = unknown
2026-03-13T15:55:39.587+08:00  INFO 39528 --- [com.alibaba.nacos.client.remote.worker] c.a.n.c.remote.client.grpc.GrpcClient    : grpc client connection server:127.0.0.1 ip,serverPort:9848,grpcTslConfig:{"sslProvider":"OPENSSL","enableTls":false,"mutualAuthEnable":false,"trustAll":false}
2026-03-13T15:55:39.592+08:00 ERROR 39528 --- [com.alibaba.nacos.client.remote.worker] c.a.n.c.remote.client.grpc.GrpcClient    : Server check fail, please check server 127.0.0.1 ,port 9848 is available , error ={}

java.util.concurrent.ExecutionException: com.alibaba.nacos.shaded.io.grpc.StatusRuntimeException: UNAVAILABLE: io exception
	at com.alibaba.nacos.shaded.com.google.common.util.concurrent.AbstractFuture.getDoneValue(AbstractFuture.java:566) ~[nacos-client-2.2.1.jar:na]
	at com.alibaba.nacos.shaded.com.google.common.util.concurrent.AbstractFuture.get(AbstractFuture.java:445) ~[nacos-client-2.2.1.jar:na]
	at com.alibaba.nacos.common.remote.client.grpc.GrpcClient.serverCheck(GrpcClient.java:218) ~[nacos-client-2.2.1.jar:na]
	at com.alibaba.nacos.common.remote.client.grpc.GrpcClient.connectToServer(GrpcClient.java:329) ~[nacos-client-2.2.1.jar:na]
	at com.alibaba.nacos.common.remote.client.RpcClient.reconnect(RpcClient.java:502) ~[nacos-client-2.2.1.jar:na]
	at com.alibaba.nacos.common.remote.client.RpcClient.lambda$start$2(RpcClient.java:343) ~[nacos-client-2.2.1.jar:na]
	at java.base/java.util.concurrent.Executors$RunnableAdapter.call(Executors.java:539) ~[na:na]
	at java.base/java.util.concurrent.FutureTask.run(FutureTask.java:264) ~[na:na]
	at java.base/java.util.concurrent.ScheduledThreadPoolExecutor$ScheduledFutureTask.run(ScheduledThreadPoolExecutor.java:304) ~[na:na]
	at java.base/java.util.concurrent.ThreadPoolExecutor.runWorker(ThreadPoolExecutor.java:1136) ~[na:na]
	at java.base/java.util.concurrent.ThreadPoolExecutor$Worker.run(ThreadPoolExecutor.java:635) ~[na:na]
	at java.base/java.lang.Thread.run(Thread.java:840) ~[na:na]
Caused by: com.alibaba.nacos.shaded.io.grpc.StatusRuntimeException: UNAVAILABLE: io exception
	at com.alibaba.nacos.shaded.io.grpc.Status.asRuntimeException(Status.java:539) ~[nacos-client-2.2.1.jar:na]
	at com.alibaba.nacos.shaded.io.grpc.stub.ClientCalls$UnaryStreamToFuture.onClose(ClientCalls.java:544) ~[nacos-client-2.2.1.jar:na]
	at com.alibaba.nacos.shaded.io.grpc.internal.DelayedClientCall$DelayedListener$3.run(DelayedClientCall.java:471) ~[nacos-client-2.2.1.jar:na]
	at com.alibaba.nacos.shaded.io.grpc.internal.DelayedClientCall$DelayedListener.delayOrExecute(DelayedClientCall.java:435) ~[nacos-client-2.2.1.jar:na]
	at com.alibaba.nacos.shaded.io.grpc.internal.DelayedClientCall$DelayedListener.onClose(DelayedClientCall.java:468) ~[nacos-client-2.2.1.jar:na]
	at com.alibaba.nacos.shaded.io.grpc.internal.ClientCallImpl.closeObserver(ClientCallImpl.java:563) ~[nacos-client-2.2.1.jar:na]
	at com.alibaba.nacos.shaded.io.grpc.internal.ClientCallImpl.access$300(ClientCallImpl.java:70) ~[nacos-client-2.2.1.jar:na]
	at com.alibaba.nacos.shaded.io.grpc.internal.ClientCallImpl$ClientStreamListenerImpl$1StreamClosed.runInternal(ClientCallImpl.java:744) ~[nacos-client-2.2.1.jar:na]
	at com.alibaba.nacos.shaded.io.grpc.internal.ClientCallImpl$ClientStreamListenerImpl$1StreamClosed.runInContext(ClientCallImpl.java:723) ~[nacos-client-2.2.1.jar:na]
	at com.alibaba.nacos.shaded.io.grpc.internal.ContextRunnable.run(ContextRunnable.java:37) ~[nacos-client-2.2.1.jar:na]
	at com.alibaba.nacos.shaded.io.grpc.internal.SerializingExecutor.run(SerializingExecutor.java:133) ~[nacos-client-2.2.1.jar:na]
	... 3 common frames omitted
Caused by: com.alibaba.nacos.shaded.io.grpc.netty.shaded.io.netty.channel.AbstractChannel$AnnotatedConnectException: Connection refused: getsockopt: /127.0.0.1:9848
Caused by: java.net.ConnectException: Connection refused: getsockopt
	at java.base/sun.nio.ch.Net.pollConnect(Native Method) ~[na:na]
	at java.base/sun.nio.ch.Net.pollConnectNow(Net.java:672) ~[na:na]
	at java.base/sun.nio.ch.SocketChannelImpl.finishConnect(SocketChannelImpl.java:946) ~[na:na]
	at com.alibaba.nacos.shaded.io.grpc.netty.shaded.io.netty.channel.socket.nio.NioSocketChannel.doFinishConnect(NioSocketChannel.java:337) ~[nacos-client-2.2.1.jar:na]
	at com.alibaba.nacos.shaded.io.grpc.netty.shaded.io.netty.channel.nio.AbstractNioChannel$AbstractNioUnsafe.finishConnect(AbstractNioChannel.java:334) ~[nacos-client-2.2.1.jar:na]
	at com.alibaba.nacos.shaded.io.grpc.netty.shaded.io.netty.channel.nio.NioEventLoop.processSelectedKey(NioEventLoop.java:710) ~[nacos-client-2.2.1.jar:na]
	at com.alibaba.nacos.shaded.io.grpc.netty.shaded.io.netty.channel.nio.NioEventLoop.processSelectedKeysOptimized(NioEventLoop.java:658) ~[nacos-client-2.2.1.jar:na]
	at com.alibaba.nacos.shaded.io.grpc.netty.shaded.io.netty.channel.nio.NioEventLoop.processSelectedKeys(NioEventLoop.java:584) ~[nacos-client-2.2.1.jar:na]
	at com.alibaba.nacos.shaded.io.grpc.netty.shaded.io.netty.channel.nio.NioEventLoop.run(NioEventLoop.java:496) ~[nacos-client-2.2.1.jar:na]
	at com.alibaba.nacos.shaded.io.grpc.netty.shaded.io.netty.util.concurrent.SingleThreadEventExecutor$4.run(SingleThreadEventExecutor.java:997) ~[nacos-client-2.2.1.jar:na]
	at com.alibaba.nacos.shaded.io.grpc.netty.shaded.io.netty.util.internal.ThreadExecutorMap$2.run(ThreadExecutorMap.java:74) ~[nacos-client-2.2.1.jar:na]
	at com.alibaba.nacos.shaded.io.grpc.netty.shaded.io.netty.util.concurrent.FastThreadLocalRunnable.run(FastThreadLocalRunnable.java:30) ~[nacos-client-2.2.1.jar:na]
	at java.base/java.lang.Thread.run(Thread.java:840) ~[na:na]

2026-03-13T15:55:39.593+08:00  INFO 39528 --- [com.alibaba.nacos.client.remote.worker] com.alibaba.nacos.common.remote.client   : [036434c5-85d9-4974-8e36-e2750985d740] Fail to connect server, after trying 5 times, last try server is {serverIp = '127.0.0.1', server main port = 8848}, error = unknown
2026-03-13T15:55:40.148+08:00  INFO 39528 --- [com.alibaba.nacos.client.remote.worker] c.a.n.c.remote.client.grpc.GrpcClient    : grpc client connection server:127.0.0.1 ip,serverPort:9848,grpcTslConfig:{"sslProvider":"OPENSSL","enableTls":false,"mutualAuthEnable":false,"trustAll":false}
2026-03-13T15:55:40.152+08:00 ERROR 39528 --- [com.alibaba.nacos.client.remote.worker] c.a.n.c.remote.client.grpc.GrpcClient    : Server check fail, please check server 127.0.0.1 ,port 9848 is available , error ={}

java.util.concurrent.ExecutionException: com.alibaba.nacos.shaded.io.grpc.StatusRuntimeException: UNAVAILABLE: io exception
	at com.alibaba.nacos.shaded.com.google.common.util.concurrent.AbstractFuture.getDoneValue(AbstractFuture.java:566) ~[nacos-client-2.2.1.jar:na]
	at com.alibaba.nacos.shaded.com.google.common.util.concurrent.AbstractFuture.get(AbstractFuture.java:445) ~[nacos-client-2.2.1.jar:na]
	at com.alibaba.nacos.common.remote.client.grpc.GrpcClient.serverCheck(GrpcClient.java:218) ~[nacos-client-2.2.1.jar:na]
	at com.alibaba.nacos.common.remote.client.grpc.GrpcClient.connectToServer(GrpcClient.java:329) ~[nacos-client-2.2.1.jar:na]
	at com.alibaba.nacos.common.remote.client.RpcClient.reconnect(RpcClient.java:502) ~[nacos-client-2.2.1.jar:na]
	at com.alibaba.nacos.common.remote.client.RpcClient.lambda$start$2(RpcClient.java:343) ~[nacos-client-2.2.1.jar:na]
	at java.base/java.util.concurrent.Executors$RunnableAdapter.call(Executors.java:539) ~[na:na]
	at java.base/java.util.concurrent.FutureTask.run(FutureTask.java:264) ~[na:na]
	at java.base/java.util.concurrent.ScheduledThreadPoolExecutor$ScheduledFutureTask.run(ScheduledThreadPoolExecutor.java:304) ~[na:na]
	at java.base/java.util.concurrent.ThreadPoolExecutor.runWorker(ThreadPoolExecutor.java:1136) ~[na:na]
	at java.base/java.util.concurrent.ThreadPoolExecutor$Worker.run(ThreadPoolExecutor.java:635) ~[na:na]
	at java.base/java.lang.Thread.run(Thread.java:840) ~[na:na]
Caused by: com.alibaba.nacos.shaded.io.grpc.StatusRuntimeException: UNAVAILABLE: io exception
	at com.alibaba.nacos.shaded.io.grpc.Status.asRuntimeException(Status.java:539) ~[nacos-client-2.2.1.jar:na]
	at com.alibaba.nacos.shaded.io.grpc.stub.ClientCalls$UnaryStreamToFuture.onClose(ClientCalls.java:544) ~[nacos-client-2.2.1.jar:na]
	at com.alibaba.nacos.shaded.io.grpc.internal.DelayedClientCall$DelayedListener$3.run(DelayedClientCall.java:471) ~[nacos-client-2.2.1.jar:na]
	at com.alibaba.nacos.shaded.io.grpc.internal.DelayedClientCall$DelayedListener.delayOrExecute(DelayedClientCall.java:435) ~[nacos-client-2.2.1.jar:na]
	at com.alibaba.nacos.shaded.io.grpc.internal.DelayedClientCall$DelayedListener.onClose(DelayedClientCall.java:468) ~[nacos-client-2.2.1.jar:na]
	at com.alibaba.nacos.shaded.io.grpc.internal.ClientCallImpl.closeObserver(ClientCallImpl.java:563) ~[nacos-client-2.2.1.jar:na]
	at com.alibaba.nacos.shaded.io.grpc.internal.ClientCallImpl.access$300(ClientCallImpl.java:70) ~[nacos-client-2.2.1.jar:na]
	at com.alibaba.nacos.shaded.io.grpc.internal.ClientCallImpl$ClientStreamListenerImpl$1StreamClosed.runInternal(ClientCallImpl.java:744) ~[nacos-client-2.2.1.jar:na]
	at com.alibaba.nacos.shaded.io.grpc.internal.ClientCallImpl$ClientStreamListenerImpl$1StreamClosed.runInContext(ClientCallImpl.java:723) ~[nacos-client-2.2.1.jar:na]
	at com.alibaba.nacos.shaded.io.grpc.internal.ContextRunnable.run(ContextRunnable.java:37) ~[nacos-client-2.2.1.jar:na]
	at com.alibaba.nacos.shaded.io.grpc.internal.SerializingExecutor.run(SerializingExecutor.java:133) ~[nacos-client-2.2.1.jar:na]
	... 3 common frames omitted
Caused by: com.alibaba.nacos.shaded.io.grpc.netty.shaded.io.netty.channel.AbstractChannel$AnnotatedConnectException: Connection refused: getsockopt: /127.0.0.1:9848
Caused by: java.net.ConnectException: Connection refused: getsockopt
	at java.base/sun.nio.ch.Net.pollConnect(Native Method) ~[na:na]
	at java.base/sun.nio.ch.Net.pollConnectNow(Net.java:672) ~[na:na]
	at java.base/sun.nio.ch.SocketChannelImpl.finishConnect(SocketChannelImpl.java:946) ~[na:na]
	at com.alibaba.nacos.shaded.io.grpc.netty.shaded.io.netty.channel.socket.nio.NioSocketChannel.doFinishConnect(NioSocketChannel.java:337) ~[nacos-client-2.2.1.jar:na]
	at com.alibaba.nacos.shaded.io.grpc.netty.shaded.io.netty.channel.nio.AbstractNioChannel$AbstractNioUnsafe.finishConnect(AbstractNioChannel.java:334) ~[nacos-client-2.2.1.jar:na]
	at com.alibaba.nacos.shaded.io.grpc.netty.shaded.io.netty.channel.nio.NioEventLoop.processSelectedKey(NioEventLoop.java:710) ~[nacos-client-2.2.1.jar:na]
	at com.alibaba.nacos.shaded.io.grpc.netty.shaded.io.netty.channel.nio.NioEventLoop.processSelectedKeysOptimized(NioEventLoop.java:658) ~[nacos-client-2.2.1.jar:na]
	at com.alibaba.nacos.shaded.io.grpc.netty.shaded.io.netty.channel.nio.NioEventLoop.processSelectedKeys(NioEventLoop.java:584) ~[nacos-client-2.2.1.jar:na]
	at com.alibaba.nacos.shaded.io.grpc.netty.shaded.io.netty.channel.nio.NioEventLoop.run(NioEventLoop.java:496) ~[nacos-client-2.2.1.jar:na]
	at com.alibaba.nacos.shaded.io.grpc.netty.shaded.io.netty.util.concurrent.SingleThreadEventExecutor$4.run(SingleThreadEventExecutor.java:997) ~[nacos-client-2.2.1.jar:na]
	at com.alibaba.nacos.shaded.io.grpc.netty.shaded.io.netty.util.internal.ThreadExecutorMap$2.run(ThreadExecutorMap.java:74) ~[nacos-client-2.2.1.jar:na]
	at com.alibaba.nacos.shaded.io.grpc.netty.shaded.io.netty.util.concurrent.FastThreadLocalRunnable.run(FastThreadLocalRunnable.java:30) ~[nacos-client-2.2.1.jar:na]
	at java.base/java.lang.Thread.run(Thread.java:840) ~[na:na]

2026-03-13T15:55:40.153+08:00  INFO 39528 --- [com.alibaba.nacos.client.remote.worker] com.alibaba.nacos.common.remote.client   : [902fb123-8452-43f3-b4d5-aa3097eddab5_config-0] Fail to connect server, after trying 12 times, last try server is {serverIp = '127.0.0.1', server main port = 8848}, error = unknown
2026-03-13T15:55:40.194+08:00  INFO 39528 --- [com.alibaba.nacos.client.remote.worker] c.a.n.c.remote.client.grpc.GrpcClient    : grpc client connection server:127.0.0.1 ip,serverPort:9848,grpcTslConfig:{"sslProvider":"OPENSSL","enableTls":false,"mutualAuthEnable":false,"trustAll":false}
2026-03-13T15:55:40.203+08:00 ERROR 39528 --- [com.alibaba.nacos.client.remote.worker] c.a.n.c.remote.client.grpc.GrpcClient    : Server check fail, please check server 127.0.0.1 ,port 9848 is available , error ={}

java.util.concurrent.ExecutionException: com.alibaba.nacos.shaded.io.grpc.StatusRuntimeException: UNAVAILABLE: io exception
	at com.alibaba.nacos.shaded.com.google.common.util.concurrent.AbstractFuture.getDoneValue(AbstractFuture.java:566) ~[nacos-client-2.2.1.jar:na]
	at com.alibaba.nacos.shaded.com.google.common.util.concurrent.AbstractFuture.get(AbstractFuture.java:445) ~[nacos-client-2.2.1.jar:na]
	at com.alibaba.nacos.common.remote.client.grpc.GrpcClient.serverCheck(GrpcClient.java:218) ~[nacos-client-2.2.1.jar:na]
	at com.alibaba.nacos.common.remote.client.grpc.GrpcClient.connectToServer(GrpcClient.java:329) ~[nacos-client-2.2.1.jar:na]
	at com.alibaba.nacos.common.remote.client.RpcClient.reconnect(RpcClient.java:502) ~[nacos-client-2.2.1.jar:na]
	at com.alibaba.nacos.common.remote.client.RpcClient.lambda$start$2(RpcClient.java:343) ~[nacos-client-2.2.1.jar:na]
	at java.base/java.util.concurrent.Executors$RunnableAdapter.call(Executors.java:539) ~[na:na]
	at java.base/java.util.concurrent.FutureTask.run(FutureTask.java:264) ~[na:na]
	at java.base/java.util.concurrent.ScheduledThreadPoolExecutor$ScheduledFutureTask.run(ScheduledThreadPoolExecutor.java:304) ~[na:na]
	at java.base/java.util.concurrent.ThreadPoolExecutor.runWorker(ThreadPoolExecutor.java:1136) ~[na:na]
	at java.base/java.util.concurrent.ThreadPoolExecutor$Worker.run(ThreadPoolExecutor.java:635) ~[na:na]
	at java.base/java.lang.Thread.run(Thread.java:840) ~[na:na]
Caused by: com.alibaba.nacos.shaded.io.grpc.StatusRuntimeException: UNAVAILABLE: io exception
	at com.alibaba.nacos.shaded.io.grpc.Status.asRuntimeException(Status.java:539) ~[nacos-client-2.2.1.jar:na]
	at com.alibaba.nacos.shaded.io.grpc.stub.ClientCalls$UnaryStreamToFuture.onClose(ClientCalls.java:544) ~[nacos-client-2.2.1.jar:na]
	at com.alibaba.nacos.shaded.io.grpc.internal.DelayedClientCall$DelayedListener$3.run(DelayedClientCall.java:471) ~[nacos-client-2.2.1.jar:na]
	at com.alibaba.nacos.shaded.io.grpc.internal.DelayedClientCall$DelayedListener.delayOrExecute(DelayedClientCall.java:435) ~[nacos-client-2.2.1.jar:na]
	at com.alibaba.nacos.shaded.io.grpc.internal.DelayedClientCall$DelayedListener.onClose(DelayedClientCall.java:468) ~[nacos-client-2.2.1.jar:na]
	at com.alibaba.nacos.shaded.io.grpc.internal.ClientCallImpl.closeObserver(ClientCallImpl.java:563) ~[nacos-client-2.2.1.jar:na]
	at com.alibaba.nacos.shaded.io.grpc.internal.ClientCallImpl.access$300(ClientCallImpl.java:70) ~[nacos-client-2.2.1.jar:na]
	at com.alibaba.nacos.shaded.io.grpc.internal.ClientCallImpl$ClientStreamListenerImpl$1StreamClosed.runInternal(ClientCallImpl.java:744) ~[nacos-client-2.2.1.jar:na]
	at com.alibaba.nacos.shaded.io.grpc.internal.ClientCallImpl$ClientStreamListenerImpl$1StreamClosed.runInContext(ClientCallImpl.java:723) ~[nacos-client-2.2.1.jar:na]
	at com.alibaba.nacos.shaded.io.grpc.internal.ContextRunnable.run(ContextRunnable.java:37) ~[nacos-client-2.2.1.jar:na]
	at com.alibaba.nacos.shaded.io.grpc.internal.SerializingExecutor.run(SerializingExecutor.java:133) ~[nacos-client-2.2.1.jar:na]
	... 3 common frames omitted
Caused by: com.alibaba.nacos.shaded.io.grpc.netty.shaded.io.netty.channel.AbstractChannel$AnnotatedConnectException: Connection refused: getsockopt: /127.0.0.1:9848
Caused by: java.net.ConnectException: Connection refused: getsockopt
	at java.base/sun.nio.ch.Net.pollConnect(Native Method) ~[na:na]
	at java.base/sun.nio.ch.Net.pollConnectNow(Net.java:672) ~[na:na]
	at java.base/sun.nio.ch.SocketChannelImpl.finishConnect(SocketChannelImpl.java:946) ~[na:na]
	at com.alibaba.nacos.shaded.io.grpc.netty.shaded.io.netty.channel.socket.nio.NioSocketChannel.doFinishConnect(NioSocketChannel.java:337) ~[nacos-client-2.2.1.jar:na]
	at com.alibaba.nacos.shaded.io.grpc.netty.shaded.io.netty.channel.nio.AbstractNioChannel$AbstractNioUnsafe.finishConnect(AbstractNioChannel.java:334) ~[nacos-client-2.2.1.jar:na]
	at com.alibaba.nacos.shaded.io.grpc.netty.shaded.io.netty.channel.nio.NioEventLoop.processSelectedKey(NioEventLoop.java:710) ~[nacos-client-2.2.1.jar:na]
	at com.alibaba.nacos.shaded.io.grpc.netty.shaded.io.netty.channel.nio.NioEventLoop.processSelectedKeysOptimized(NioEventLoop.java:658) ~[nacos-client-2.2.1.jar:na]
	at com.alibaba.nacos.shaded.io.grpc.netty.shaded.io.netty.channel.nio.NioEventLoop.processSelectedKeys(NioEventLoop.java:584) ~[nacos-client-2.2.1.jar:na]
	at com.alibaba.nacos.shaded.io.grpc.netty.shaded.io.netty.channel.nio.NioEventLoop.run(NioEventLoop.java:496) ~[nacos-client-2.2.1.jar:na]
	at com.alibaba.nacos.shaded.io.grpc.netty.shaded.io.netty.util.concurrent.SingleThreadEventExecutor$4.run(SingleThreadEventExecutor.java:997) ~[nacos-client-2.2.1.jar:na]
	at com.alibaba.nacos.shaded.io.grpc.netty.shaded.io.netty.util.internal.ThreadExecutorMap$2.run(ThreadExecutorMap.java:74) ~[nacos-client-2.2.1.jar:na]
	at com.alibaba.nacos.shaded.io.grpc.netty.shaded.io.netty.util.concurrent.FastThreadLocalRunnable.run(FastThreadLocalRunnable.java:30) ~[nacos-client-2.2.1.jar:na]
	at java.base/java.lang.Thread.run(Thread.java:840) ~[na:na]

2026-03-13T15:55:40.203+08:00  INFO 39528 --- [com.alibaba.nacos.client.remote.worker] com.alibaba.nacos.common.remote.client   : [036434c5-85d9-4974-8e36-e2750985d740] Fail to connect server, after trying 6 times, last try server is {serverIp = '127.0.0.1', server main port = 8848}, error = unknown
2026-03-13T15:55:40.915+08:00  INFO 39528 --- [com.alibaba.nacos.client.remote.worker] c.a.n.c.remote.client.grpc.GrpcClient    : grpc client connection server:127.0.0.1 ip,serverPort:9848,grpcTslConfig:{"sslProvider":"OPENSSL","enableTls":false,"mutualAuthEnable":false,"trustAll":false}
2026-03-13T15:55:40.919+08:00 ERROR 39528 --- [com.alibaba.nacos.client.remote.worker] c.a.n.c.remote.client.grpc.GrpcClient    : Server check fail, please check server 127.0.0.1 ,port 9848 is available , error ={}

java.util.concurrent.ExecutionException: com.alibaba.nacos.shaded.io.grpc.StatusRuntimeException: UNAVAILABLE: io exception
	at com.alibaba.nacos.shaded.com.google.common.util.concurrent.AbstractFuture.getDoneValue(AbstractFuture.java:566) ~[nacos-client-2.2.1.jar:na]
	at com.alibaba.nacos.shaded.com.google.common.util.concurrent.AbstractFuture.get(AbstractFuture.java:445) ~[nacos-client-2.2.1.jar:na]
	at com.alibaba.nacos.common.remote.client.grpc.GrpcClient.serverCheck(GrpcClient.java:218) ~[nacos-client-2.2.1.jar:na]
	at com.alibaba.nacos.common.remote.client.grpc.GrpcClient.connectToServer(GrpcClient.java:329) ~[nacos-client-2.2.1.jar:na]
	at com.alibaba.nacos.common.remote.client.RpcClient.reconnect(RpcClient.java:502) ~[nacos-client-2.2.1.jar:na]
	at com.alibaba.nacos.common.remote.client.RpcClient.lambda$start$2(RpcClient.java:343) ~[nacos-client-2.2.1.jar:na]
	at java.base/java.util.concurrent.Executors$RunnableAdapter.call(Executors.java:539) ~[na:na]
	at java.base/java.util.concurrent.FutureTask.run(FutureTask.java:264) ~[na:na]
	at java.base/java.util.concurrent.ScheduledThreadPoolExecutor$ScheduledFutureTask.run(ScheduledThreadPoolExecutor.java:304) ~[na:na]
	at java.base/java.util.concurrent.ThreadPoolExecutor.runWorker(ThreadPoolExecutor.java:1136) ~[na:na]
	at java.base/java.util.concurrent.ThreadPoolExecutor$Worker.run(ThreadPoolExecutor.java:635) ~[na:na]
	at java.base/java.lang.Thread.run(Thread.java:840) ~[na:na]
Caused by: com.alibaba.nacos.shaded.io.grpc.StatusRuntimeException: UNAVAILABLE: io exception
	at com.alibaba.nacos.shaded.io.grpc.Status.asRuntimeException(Status.java:539) ~[nacos-client-2.2.1.jar:na]
	at com.alibaba.nacos.shaded.io.grpc.stub.ClientCalls$UnaryStreamToFuture.onClose(ClientCalls.java:544) ~[nacos-client-2.2.1.jar:na]
	at com.alibaba.nacos.shaded.io.grpc.internal.DelayedClientCall$DelayedListener$3.run(DelayedClientCall.java:471) ~[nacos-client-2.2.1.jar:na]
	at com.alibaba.nacos.shaded.io.grpc.internal.DelayedClientCall$DelayedListener.delayOrExecute(DelayedClientCall.java:435) ~[nacos-client-2.2.1.jar:na]
	at com.alibaba.nacos.shaded.io.grpc.internal.DelayedClientCall$DelayedListener.onClose(DelayedClientCall.java:468) ~[nacos-client-2.2.1.jar:na]
	at com.alibaba.nacos.shaded.io.grpc.internal.ClientCallImpl.closeObserver(ClientCallImpl.java:563) ~[nacos-client-2.2.1.jar:na]
	at com.alibaba.nacos.shaded.io.grpc.internal.ClientCallImpl.access$300(ClientCallImpl.java:70) ~[nacos-client-2.2.1.jar:na]
	at com.alibaba.nacos.shaded.io.grpc.internal.ClientCallImpl$ClientStreamListenerImpl$1StreamClosed.runInternal(ClientCallImpl.java:744) ~[nacos-client-2.2.1.jar:na]
	at com.alibaba.nacos.shaded.io.grpc.internal.ClientCallImpl$ClientStreamListenerImpl$1StreamClosed.runInContext(ClientCallImpl.java:723) ~[nacos-client-2.2.1.jar:na]
	at com.alibaba.nacos.shaded.io.grpc.internal.ContextRunnable.run(ContextRunnable.java:37) ~[nacos-client-2.2.1.jar:na]
	at com.alibaba.nacos.shaded.io.grpc.internal.SerializingExecutor.run(SerializingExecutor.java:133) ~[nacos-client-2.2.1.jar:na]
	... 3 common frames omitted
Caused by: com.alibaba.nacos.shaded.io.grpc.netty.shaded.io.netty.channel.AbstractChannel$AnnotatedConnectException: Connection refused: getsockopt: /127.0.0.1:9848
Caused by: java.net.ConnectException: Connection refused: getsockopt
	at java.base/sun.nio.ch.Net.pollConnect(Native Method) ~[na:na]
	at java.base/sun.nio.ch.Net.pollConnectNow(Net.java:672) ~[na:na]
	at java.base/sun.nio.ch.SocketChannelImpl.finishConnect(SocketChannelImpl.java:946) ~[na:na]
	at com.alibaba.nacos.shaded.io.grpc.netty.shaded.io.netty.channel.socket.nio.NioSocketChannel.doFinishConnect(NioSocketChannel.java:337) ~[nacos-client-2.2.1.jar:na]
	at com.alibaba.nacos.shaded.io.grpc.netty.shaded.io.netty.channel.nio.AbstractNioChannel$AbstractNioUnsafe.finishConnect(AbstractNioChannel.java:334) ~[nacos-client-2.2.1.jar:na]
	at com.alibaba.nacos.shaded.io.grpc.netty.shaded.io.netty.channel.nio.NioEventLoop.processSelectedKey(NioEventLoop.java:710) ~[nacos-client-2.2.1.jar:na]
	at com.alibaba.nacos.shaded.io.grpc.netty.shaded.io.netty.channel.nio.NioEventLoop.processSelectedKeysOptimized(NioEventLoop.java:658) ~[nacos-client-2.2.1.jar:na]
	at com.alibaba.nacos.shaded.io.grpc.netty.shaded.io.netty.channel.nio.NioEventLoop.processSelectedKeys(NioEventLoop.java:584) ~[nacos-client-2.2.1.jar:na]
	at com.alibaba.nacos.shaded.io.grpc.netty.shaded.io.netty.channel.nio.NioEventLoop.run(NioEventLoop.java:496) ~[nacos-client-2.2.1.jar:na]
	at com.alibaba.nacos.shaded.io.grpc.netty.shaded.io.netty.util.concurrent.SingleThreadEventExecutor$4.run(SingleThreadEventExecutor.java:997) ~[nacos-client-2.2.1.jar:na]
	at com.alibaba.nacos.shaded.io.grpc.netty.shaded.io.netty.util.internal.ThreadExecutorMap$2.run(ThreadExecutorMap.java:74) ~[nacos-client-2.2.1.jar:na]
	at com.alibaba.nacos.shaded.io.grpc.netty.shaded.io.netty.util.concurrent.FastThreadLocalRunnable.run(FastThreadLocalRunnable.java:30) ~[nacos-client-2.2.1.jar:na]
	at java.base/java.lang.Thread.run(Thread.java:840) ~[na:na]

2026-03-13T15:55:40.920+08:00  INFO 39528 --- [com.alibaba.nacos.client.remote.worker] com.alibaba.nacos.common.remote.client   : [036434c5-85d9-4974-8e36-e2750985d740] Fail to connect server, after trying 7 times, last try server is {serverIp = '127.0.0.1', server main port = 8848}, error = unknown
2026-03-13T15:55:40.930+08:00  WARN 39528 --- [com.alibaba.nacos.client.naming.grpc.redo.0] com.alibaba.nacos.client.naming          : Grpc Connection is disconnect, skip current redo task
2026-03-13T15:55:41.459+08:00  INFO 39528 --- [com.alibaba.nacos.client.remote.worker] c.a.n.c.remote.client.grpc.GrpcClient    : grpc client connection server:127.0.0.1 ip,serverPort:9848,grpcTslConfig:{"sslProvider":"OPENSSL","enableTls":false,"mutualAuthEnable":false,"trustAll":false}
2026-03-13T15:55:41.463+08:00 ERROR 39528 --- [com.alibaba.nacos.client.remote.worker] c.a.n.c.remote.client.grpc.GrpcClient    : Server check fail, please check server 127.0.0.1 ,port 9848 is available , error ={}

java.util.concurrent.ExecutionException: com.alibaba.nacos.shaded.io.grpc.StatusRuntimeException: UNAVAILABLE: io exception
	at com.alibaba.nacos.shaded.com.google.common.util.concurrent.AbstractFuture.getDoneValue(AbstractFuture.java:566) ~[nacos-client-2.2.1.jar:na]
	at com.alibaba.nacos.shaded.com.google.common.util.concurrent.AbstractFuture.get(AbstractFuture.java:445) ~[nacos-client-2.2.1.jar:na]
	at com.alibaba.nacos.common.remote.client.grpc.GrpcClient.serverCheck(GrpcClient.java:218) ~[nacos-client-2.2.1.jar:na]
	at com.alibaba.nacos.common.remote.client.grpc.GrpcClient.connectToServer(GrpcClient.java:329) ~[nacos-client-2.2.1.jar:na]
	at com.alibaba.nacos.common.remote.client.RpcClient.reconnect(RpcClient.java:502) ~[nacos-client-2.2.1.jar:na]
	at com.alibaba.nacos.common.remote.client.RpcClient.lambda$start$2(RpcClient.java:343) ~[nacos-client-2.2.1.jar:na]
	at java.base/java.util.concurrent.Executors$RunnableAdapter.call(Executors.java:539) ~[na:na]
	at java.base/java.util.concurrent.FutureTask.run(FutureTask.java:264) ~[na:na]
	at java.base/java.util.concurrent.ScheduledThreadPoolExecutor$ScheduledFutureTask.run(ScheduledThreadPoolExecutor.java:304) ~[na:na]
	at java.base/java.util.concurrent.ThreadPoolExecutor.runWorker(ThreadPoolExecutor.java:1136) ~[na:na]
	at java.base/java.util.concurrent.ThreadPoolExecutor$Worker.run(ThreadPoolExecutor.java:635) ~[na:na]
	at java.base/java.lang.Thread.run(Thread.java:840) ~[na:na]
Caused by: com.alibaba.nacos.shaded.io.grpc.StatusRuntimeException: UNAVAILABLE: io exception
	at com.alibaba.nacos.shaded.io.grpc.Status.asRuntimeException(Status.java:539) ~[nacos-client-2.2.1.jar:na]
	at com.alibaba.nacos.shaded.io.grpc.stub.ClientCalls$UnaryStreamToFuture.onClose(ClientCalls.java:544) ~[nacos-client-2.2.1.jar:na]
	at com.alibaba.nacos.shaded.io.grpc.internal.DelayedClientCall$DelayedListener$3.run(DelayedClientCall.java:471) ~[nacos-client-2.2.1.jar:na]
	at com.alibaba.nacos.shaded.io.grpc.internal.DelayedClientCall$DelayedListener.delayOrExecute(DelayedClientCall.java:435) ~[nacos-client-2.2.1.jar:na]
	at com.alibaba.nacos.shaded.io.grpc.internal.DelayedClientCall$DelayedListener.onClose(DelayedClientCall.java:468) ~[nacos-client-2.2.1.jar:na]
	at com.alibaba.nacos.shaded.io.grpc.internal.ClientCallImpl.closeObserver(ClientCallImpl.java:563) ~[nacos-client-2.2.1.jar:na]
	at com.alibaba.nacos.shaded.io.grpc.internal.ClientCallImpl.access$300(ClientCallImpl.java:70) ~[nacos-client-2.2.1.jar:na]
	at com.alibaba.nacos.shaded.io.grpc.internal.ClientCallImpl$ClientStreamListenerImpl$1StreamClosed.runInternal(ClientCallImpl.java:744) ~[nacos-client-2.2.1.jar:na]
	at com.alibaba.nacos.shaded.io.grpc.internal.ClientCallImpl$ClientStreamListenerImpl$1StreamClosed.runInContext(ClientCallImpl.java:723) ~[nacos-client-2.2.1.jar:na]
	at com.alibaba.nacos.shaded.io.grpc.internal.ContextRunnable.run(ContextRunnable.java:37) ~[nacos-client-2.2.1.jar:na]
	at com.alibaba.nacos.shaded.io.grpc.internal.SerializingExecutor.run(SerializingExecutor.java:133) ~[nacos-client-2.2.1.jar:na]
	... 3 common frames omitted
Caused by: com.alibaba.nacos.shaded.io.grpc.netty.shaded.io.netty.channel.AbstractChannel$AnnotatedConnectException: Connection refused: getsockopt: /127.0.0.1:9848
Caused by: java.net.ConnectException: Connection refused: getsockopt
	at java.base/sun.nio.ch.Net.pollConnect(Native Method) ~[na:na]
	at java.base/sun.nio.ch.Net.pollConnectNow(Net.java:672) ~[na:na]
	at java.base/sun.nio.ch.SocketChannelImpl.finishConnect(SocketChannelImpl.java:946) ~[na:na]
	at com.alibaba.nacos.shaded.io.grpc.netty.shaded.io.netty.channel.socket.nio.NioSocketChannel.doFinishConnect(NioSocketChannel.java:337) ~[nacos-client-2.2.1.jar:na]
	at com.alibaba.nacos.shaded.io.grpc.netty.shaded.io.netty.channel.nio.AbstractNioChannel$AbstractNioUnsafe.finishConnect(AbstractNioChannel.java:334) ~[nacos-client-2.2.1.jar:na]
	at com.alibaba.nacos.shaded.io.grpc.netty.shaded.io.netty.channel.nio.NioEventLoop.processSelectedKey(NioEventLoop.java:710) ~[nacos-client-2.2.1.jar:na]
	at com.alibaba.nacos.shaded.io.grpc.netty.shaded.io.netty.channel.nio.NioEventLoop.processSelectedKeysOptimized(NioEventLoop.java:658) ~[nacos-client-2.2.1.jar:na]
	at com.alibaba.nacos.shaded.io.grpc.netty.shaded.io.netty.channel.nio.NioEventLoop.processSelectedKeys(NioEventLoop.java:584) ~[nacos-client-2.2.1.jar:na]
	at com.alibaba.nacos.shaded.io.grpc.netty.shaded.io.netty.channel.nio.NioEventLoop.run(NioEventLoop.java:496) ~[nacos-client-2.2.1.jar:na]
	at com.alibaba.nacos.shaded.io.grpc.netty.shaded.io.netty.util.concurrent.SingleThreadEventExecutor$4.run(SingleThreadEventExecutor.java:997) ~[nacos-client-2.2.1.jar:na]
	at com.alibaba.nacos.shaded.io.grpc.netty.shaded.io.netty.util.internal.ThreadExecutorMap$2.run(ThreadExecutorMap.java:74) ~[nacos-client-2.2.1.jar:na]
	at com.alibaba.nacos.shaded.io.grpc.netty.shaded.io.netty.util.concurrent.FastThreadLocalRunnable.run(FastThreadLocalRunnable.java:30) ~[nacos-client-2.2.1.jar:na]
	at java.base/java.lang.Thread.run(Thread.java:840) ~[na:na]

2026-03-13T15:55:41.465+08:00  INFO 39528 --- [com.alibaba.nacos.client.remote.worker] com.alibaba.nacos.common.remote.client   : [902fb123-8452-43f3-b4d5-aa3097eddab5_config-0] Fail to connect server, after trying 13 times, last try server is {serverIp = '127.0.0.1', server main port = 8848}, error = unknown
2026-03-13T15:55:41.726+08:00  INFO 39528 --- [com.alibaba.nacos.client.remote.worker] c.a.n.c.remote.client.grpc.GrpcClient    : grpc client connection server:127.0.0.1 ip,serverPort:9848,grpcTslConfig:{"sslProvider":"OPENSSL","enableTls":false,"mutualAuthEnable":false,"trustAll":false}
2026-03-13T15:55:41.731+08:00 ERROR 39528 --- [com.alibaba.nacos.client.remote.worker] c.a.n.c.remote.client.grpc.GrpcClient    : Server check fail, please check server 127.0.0.1 ,port 9848 is available , error ={}

java.util.concurrent.ExecutionException: com.alibaba.nacos.shaded.io.grpc.StatusRuntimeException: UNAVAILABLE: io exception
	at com.alibaba.nacos.shaded.com.google.common.util.concurrent.AbstractFuture.getDoneValue(AbstractFuture.java:566) ~[nacos-client-2.2.1.jar:na]
	at com.alibaba.nacos.shaded.com.google.common.util.concurrent.AbstractFuture.get(AbstractFuture.java:445) ~[nacos-client-2.2.1.jar:na]
	at com.alibaba.nacos.common.remote.client.grpc.GrpcClient.serverCheck(GrpcClient.java:218) ~[nacos-client-2.2.1.jar:na]
	at com.alibaba.nacos.common.remote.client.grpc.GrpcClient.connectToServer(GrpcClient.java:329) ~[nacos-client-2.2.1.jar:na]
	at com.alibaba.nacos.common.remote.client.RpcClient.reconnect(RpcClient.java:502) ~[nacos-client-2.2.1.jar:na]
	at com.alibaba.nacos.common.remote.client.RpcClient.lambda$start$2(RpcClient.java:343) ~[nacos-client-2.2.1.jar:na]
	at java.base/java.util.concurrent.Executors$RunnableAdapter.call(Executors.java:539) ~[na:na]
	at java.base/java.util.concurrent.FutureTask.run(FutureTask.java:264) ~[na:na]
	at java.base/java.util.concurrent.ScheduledThreadPoolExecutor$ScheduledFutureTask.run(ScheduledThreadPoolExecutor.java:304) ~[na:na]
	at java.base/java.util.concurrent.ThreadPoolExecutor.runWorker(ThreadPoolExecutor.java:1136) ~[na:na]
	at java.base/java.util.concurrent.ThreadPoolExecutor$Worker.run(ThreadPoolExecutor.java:635) ~[na:na]
	at java.base/java.lang.Thread.run(Thread.java:840) ~[na:na]
Caused by: com.alibaba.nacos.shaded.io.grpc.StatusRuntimeException: UNAVAILABLE: io exception
	at com.alibaba.nacos.shaded.io.grpc.Status.asRuntimeException(Status.java:539) ~[nacos-client-2.2.1.jar:na]
	at com.alibaba.nacos.shaded.io.grpc.stub.ClientCalls$UnaryStreamToFuture.onClose(ClientCalls.java:544) ~[nacos-client-2.2.1.jar:na]
	at com.alibaba.nacos.shaded.io.grpc.internal.DelayedClientCall$DelayedListener$3.run(DelayedClientCall.java:471) ~[nacos-client-2.2.1.jar:na]
	at com.alibaba.nacos.shaded.io.grpc.internal.DelayedClientCall$DelayedListener.delayOrExecute(DelayedClientCall.java:435) ~[nacos-client-2.2.1.jar:na]
	at com.alibaba.nacos.shaded.io.grpc.internal.DelayedClientCall$DelayedListener.onClose(DelayedClientCall.java:468) ~[nacos-client-2.2.1.jar:na]
	at com.alibaba.nacos.shaded.io.grpc.internal.ClientCallImpl.closeObserver(ClientCallImpl.java:563) ~[nacos-client-2.2.1.jar:na]
	at com.alibaba.nacos.shaded.io.grpc.internal.ClientCallImpl.access$300(ClientCallImpl.java:70) ~[nacos-client-2.2.1.jar:na]
	at com.alibaba.nacos.shaded.io.grpc.internal.ClientCallImpl$ClientStreamListenerImpl$1StreamClosed.runInternal(ClientCallImpl.java:744) ~[nacos-client-2.2.1.jar:na]
	at com.alibaba.nacos.shaded.io.grpc.internal.ClientCallImpl$ClientStreamListenerImpl$1StreamClosed.runInContext(ClientCallImpl.java:723) ~[nacos-client-2.2.1.jar:na]
	at com.alibaba.nacos.shaded.io.grpc.internal.ContextRunnable.run(ContextRunnable.java:37) ~[nacos-client-2.2.1.jar:na]
	at com.alibaba.nacos.shaded.io.grpc.internal.SerializingExecutor.run(SerializingExecutor.java:133) ~[nacos-client-2.2.1.jar:na]
	... 3 common frames omitted
Caused by: com.alibaba.nacos.shaded.io.grpc.netty.shaded.io.netty.channel.AbstractChannel$AnnotatedConnectException: Connection refused: getsockopt: /127.0.0.1:9848
Caused by: java.net.ConnectException: Connection refused: getsockopt
	at java.base/sun.nio.ch.Net.pollConnect(Native Method) ~[na:na]
	at java.base/sun.nio.ch.Net.pollConnectNow(Net.java:672) ~[na:na]
	at java.base/sun.nio.ch.SocketChannelImpl.finishConnect(SocketChannelImpl.java:946) ~[na:na]
	at com.alibaba.nacos.shaded.io.grpc.netty.shaded.io.netty.channel.socket.nio.NioSocketChannel.doFinishConnect(NioSocketChannel.java:337) ~[nacos-client-2.2.1.jar:na]
	at com.alibaba.nacos.shaded.io.grpc.netty.shaded.io.netty.channel.nio.AbstractNioChannel$AbstractNioUnsafe.finishConnect(AbstractNioChannel.java:334) ~[nacos-client-2.2.1.jar:na]
	at com.alibaba.nacos.shaded.io.grpc.netty.shaded.io.netty.channel.nio.NioEventLoop.processSelectedKey(NioEventLoop.java:710) ~[nacos-client-2.2.1.jar:na]
	at com.alibaba.nacos.shaded.io.grpc.netty.shaded.io.netty.channel.nio.NioEventLoop.processSelectedKeysOptimized(NioEventLoop.java:658) ~[nacos-client-2.2.1.jar:na]
	at com.alibaba.nacos.shaded.io.grpc.netty.shaded.io.netty.channel.nio.NioEventLoop.processSelectedKeys(NioEventLoop.java:584) ~[nacos-client-2.2.1.jar:na]
	at com.alibaba.nacos.shaded.io.grpc.netty.shaded.io.netty.channel.nio.NioEventLoop.run(NioEventLoop.java:496) ~[nacos-client-2.2.1.jar:na]
	at com.alibaba.nacos.shaded.io.grpc.netty.shaded.io.netty.util.concurrent.SingleThreadEventExecutor$4.run(SingleThreadEventExecutor.java:997) ~[nacos-client-2.2.1.jar:na]
	at com.alibaba.nacos.shaded.io.grpc.netty.shaded.io.netty.util.internal.ThreadExecutorMap$2.run(ThreadExecutorMap.java:74) ~[nacos-client-2.2.1.jar:na]
	at com.alibaba.nacos.shaded.io.grpc.netty.shaded.io.netty.util.concurrent.FastThreadLocalRunnable.run(FastThreadLocalRunnable.java:30) ~[nacos-client-2.2.1.jar:na]
	at java.base/java.lang.Thread.run(Thread.java:840) ~[na:na]

2026-03-13T15:55:41.732+08:00  INFO 39528 --- [com.alibaba.nacos.client.remote.worker] com.alibaba.nacos.common.remote.client   : [036434c5-85d9-4974-8e36-e2750985d740] Fail to connect server, after trying 8 times, last try server is {serverIp = '127.0.0.1', server main port = 8848}, error = unknown
2026-03-13T15:55:42.645+08:00  INFO 39528 --- [com.alibaba.nacos.client.remote.worker] c.a.n.c.remote.client.grpc.GrpcClient    : grpc client connection server:127.0.0.1 ip,serverPort:9848,grpcTslConfig:{"sslProvider":"OPENSSL","enableTls":false,"mutualAuthEnable":false,"trustAll":false}
2026-03-13T15:55:42.651+08:00 ERROR 39528 --- [com.alibaba.nacos.client.remote.worker] c.a.n.c.remote.client.grpc.GrpcClient    : Server check fail, please check server 127.0.0.1 ,port 9848 is available , error ={}

java.util.concurrent.ExecutionException: com.alibaba.nacos.shaded.io.grpc.StatusRuntimeException: UNAVAILABLE: io exception
	at com.alibaba.nacos.shaded.com.google.common.util.concurrent.AbstractFuture.getDoneValue(AbstractFuture.java:566) ~[nacos-client-2.2.1.jar:na]
	at com.alibaba.nacos.shaded.com.google.common.util.concurrent.AbstractFuture.get(AbstractFuture.java:445) ~[nacos-client-2.2.1.jar:na]
	at com.alibaba.nacos.common.remote.client.grpc.GrpcClient.serverCheck(GrpcClient.java:218) ~[nacos-client-2.2.1.jar:na]
	at com.alibaba.nacos.common.remote.client.grpc.GrpcClient.connectToServer(GrpcClient.java:329) ~[nacos-client-2.2.1.jar:na]
	at com.alibaba.nacos.common.remote.client.RpcClient.reconnect(RpcClient.java:502) ~[nacos-client-2.2.1.jar:na]
	at com.alibaba.nacos.common.remote.client.RpcClient.lambda$start$2(RpcClient.java:343) ~[nacos-client-2.2.1.jar:na]
	at java.base/java.util.concurrent.Executors$RunnableAdapter.call(Executors.java:539) ~[na:na]
	at java.base/java.util.concurrent.FutureTask.run(FutureTask.java:264) ~[na:na]
	at java.base/java.util.concurrent.ScheduledThreadPoolExecutor$ScheduledFutureTask.run(ScheduledThreadPoolExecutor.java:304) ~[na:na]
	at java.base/java.util.concurrent.ThreadPoolExecutor.runWorker(ThreadPoolExecutor.java:1136) ~[na:na]
	at java.base/java.util.concurrent.ThreadPoolExecutor$Worker.run(ThreadPoolExecutor.java:635) ~[na:na]
	at java.base/java.lang.Thread.run(Thread.java:840) ~[na:na]
Caused by: com.alibaba.nacos.shaded.io.grpc.StatusRuntimeException: UNAVAILABLE: io exception
	at com.alibaba.nacos.shaded.io.grpc.Status.asRuntimeException(Status.java:539) ~[nacos-client-2.2.1.jar:na]
	at com.alibaba.nacos.shaded.io.grpc.stub.ClientCalls$UnaryStreamToFuture.onClose(ClientCalls.java:544) ~[nacos-client-2.2.1.jar:na]
	at com.alibaba.nacos.shaded.io.grpc.internal.DelayedClientCall$DelayedListener$3.run(DelayedClientCall.java:471) ~[nacos-client-2.2.1.jar:na]
	at com.alibaba.nacos.shaded.io.grpc.internal.DelayedClientCall$DelayedListener.delayOrExecute(DelayedClientCall.java:435) ~[nacos-client-2.2.1.jar:na]
	at com.alibaba.nacos.shaded.io.grpc.internal.DelayedClientCall$DelayedListener.onClose(DelayedClientCall.java:468) ~[nacos-client-2.2.1.jar:na]
	at com.alibaba.nacos.shaded.io.grpc.internal.ClientCallImpl.closeObserver(ClientCallImpl.java:563) ~[nacos-client-2.2.1.jar:na]
	at com.alibaba.nacos.shaded.io.grpc.internal.ClientCallImpl.access$300(ClientCallImpl.java:70) ~[nacos-client-2.2.1.jar:na]
	at com.alibaba.nacos.shaded.io.grpc.internal.ClientCallImpl$ClientStreamListenerImpl$1StreamClosed.runInternal(ClientCallImpl.java:744) ~[nacos-client-2.2.1.jar:na]
	at com.alibaba.nacos.shaded.io.grpc.internal.ClientCallImpl$ClientStreamListenerImpl$1StreamClosed.runInContext(ClientCallImpl.java:723) ~[nacos-client-2.2.1.jar:na]
	at com.alibaba.nacos.shaded.io.grpc.internal.ContextRunnable.run(ContextRunnable.java:37) ~[nacos-client-2.2.1.jar:na]
	at com.alibaba.nacos.shaded.io.grpc.internal.SerializingExecutor.run(SerializingExecutor.java:133) ~[nacos-client-2.2.1.jar:na]
	... 3 common frames omitted
Caused by: com.alibaba.nacos.shaded.io.grpc.netty.shaded.io.netty.channel.AbstractChannel$AnnotatedConnectException: Connection refused: getsockopt: /127.0.0.1:9848
Caused by: java.net.ConnectException: Connection refused: getsockopt
	at java.base/sun.nio.ch.Net.pollConnect(Native Method) ~[na:na]
	at java.base/sun.nio.ch.Net.pollConnectNow(Net.java:672) ~[na:na]
	at java.base/sun.nio.ch.SocketChannelImpl.finishConnect(SocketChannelImpl.java:946) ~[na:na]
	at com.alibaba.nacos.shaded.io.grpc.netty.shaded.io.netty.channel.socket.nio.NioSocketChannel.doFinishConnect(NioSocketChannel.java:337) ~[nacos-client-2.2.1.jar:na]
	at com.alibaba.nacos.shaded.io.grpc.netty.shaded.io.netty.channel.nio.AbstractNioChannel$AbstractNioUnsafe.finishConnect(AbstractNioChannel.java:334) ~[nacos-client-2.2.1.jar:na]
	at com.alibaba.nacos.shaded.io.grpc.netty.shaded.io.netty.channel.nio.NioEventLoop.processSelectedKey(NioEventLoop.java:710) ~[nacos-client-2.2.1.jar:na]
	at com.alibaba.nacos.shaded.io.grpc.netty.shaded.io.netty.channel.nio.NioEventLoop.processSelectedKeysOptimized(NioEventLoop.java:658) ~[nacos-client-2.2.1.jar:na]
	at com.alibaba.nacos.shaded.io.grpc.netty.shaded.io.netty.channel.nio.NioEventLoop.processSelectedKeys(NioEventLoop.java:584) ~[nacos-client-2.2.1.jar:na]
	at com.alibaba.nacos.shaded.io.grpc.netty.shaded.io.netty.channel.nio.NioEventLoop.run(NioEventLoop.java:496) ~[nacos-client-2.2.1.jar:na]
	at com.alibaba.nacos.shaded.io.grpc.netty.shaded.io.netty.util.concurrent.SingleThreadEventExecutor$4.run(SingleThreadEventExecutor.java:997) ~[nacos-client-2.2.1.jar:na]
	at com.alibaba.nacos.shaded.io.grpc.netty.shaded.io.netty.util.internal.ThreadExecutorMap$2.run(ThreadExecutorMap.java:74) ~[nacos-client-2.2.1.jar:na]
	at com.alibaba.nacos.shaded.io.grpc.netty.shaded.io.netty.util.concurrent.FastThreadLocalRunnable.run(FastThreadLocalRunnable.java:30) ~[nacos-client-2.2.1.jar:na]
	at java.base/java.lang.Thread.run(Thread.java:840) ~[na:na]

2026-03-13T15:55:42.651+08:00  INFO 39528 --- [com.alibaba.nacos.client.remote.worker] com.alibaba.nacos.common.remote.client   : [036434c5-85d9-4974-8e36-e2750985d740] Fail to connect server, after trying 9 times, last try server is {serverIp = '127.0.0.1', server main port = 8848}, error = unknown
2026-03-13T15:55:42.879+08:00  INFO 39528 --- [com.alibaba.nacos.client.remote.worker] c.a.n.c.remote.client.grpc.GrpcClient    : grpc client connection server:127.0.0.1 ip,serverPort:9848,grpcTslConfig:{"sslProvider":"OPENSSL","enableTls":false,"mutualAuthEnable":false,"trustAll":false}
2026-03-13T15:55:42.883+08:00 ERROR 39528 --- [com.alibaba.nacos.client.remote.worker] c.a.n.c.remote.client.grpc.GrpcClient    : Server check fail, please check server 127.0.0.1 ,port 9848 is available , error ={}

java.util.concurrent.ExecutionException: com.alibaba.nacos.shaded.io.grpc.StatusRuntimeException: UNAVAILABLE: io exception
	at com.alibaba.nacos.shaded.com.google.common.util.concurrent.AbstractFuture.getDoneValue(AbstractFuture.java:566) ~[nacos-client-2.2.1.jar:na]
	at com.alibaba.nacos.shaded.com.google.common.util.concurrent.AbstractFuture.get(AbstractFuture.java:445) ~[nacos-client-2.2.1.jar:na]
	at com.alibaba.nacos.common.remote.client.grpc.GrpcClient.serverCheck(GrpcClient.java:218) ~[nacos-client-2.2.1.jar:na]
	at com.alibaba.nacos.common.remote.client.grpc.GrpcClient.connectToServer(GrpcClient.java:329) ~[nacos-client-2.2.1.jar:na]
	at com.alibaba.nacos.common.remote.client.RpcClient.reconnect(RpcClient.java:502) ~[nacos-client-2.2.1.jar:na]
	at com.alibaba.nacos.common.remote.client.RpcClient.lambda$start$2(RpcClient.java:343) ~[nacos-client-2.2.1.jar:na]
	at java.base/java.util.concurrent.Executors$RunnableAdapter.call(Executors.java:539) ~[na:na]
	at java.base/java.util.concurrent.FutureTask.run(FutureTask.java:264) ~[na:na]
	at java.base/java.util.concurrent.ScheduledThreadPoolExecutor$ScheduledFutureTask.run(ScheduledThreadPoolExecutor.java:304) ~[na:na]
	at java.base/java.util.concurrent.ThreadPoolExecutor.runWorker(ThreadPoolExecutor.java:1136) ~[na:na]
	at java.base/java.util.concurrent.ThreadPoolExecutor$Worker.run(ThreadPoolExecutor.java:635) ~[na:na]
	at java.base/java.lang.Thread.run(Thread.java:840) ~[na:na]
Caused by: com.alibaba.nacos.shaded.io.grpc.StatusRuntimeException: UNAVAILABLE: io exception
	at com.alibaba.nacos.shaded.io.grpc.Status.asRuntimeException(Status.java:539) ~[nacos-client-2.2.1.jar:na]
	at com.alibaba.nacos.shaded.io.grpc.stub.ClientCalls$UnaryStreamToFuture.onClose(ClientCalls.java:544) ~[nacos-client-2.2.1.jar:na]
	at com.alibaba.nacos.shaded.io.grpc.internal.DelayedClientCall$DelayedListener$3.run(DelayedClientCall.java:471) ~[nacos-client-2.2.1.jar:na]
	at com.alibaba.nacos.shaded.io.grpc.internal.DelayedClientCall$DelayedListener.delayOrExecute(DelayedClientCall.java:435) ~[nacos-client-2.2.1.jar:na]
	at com.alibaba.nacos.shaded.io.grpc.internal.DelayedClientCall$DelayedListener.onClose(DelayedClientCall.java:468) ~[nacos-client-2.2.1.jar:na]
	at com.alibaba.nacos.shaded.io.grpc.internal.ClientCallImpl.closeObserver(ClientCallImpl.java:563) ~[nacos-client-2.2.1.jar:na]
	at com.alibaba.nacos.shaded.io.grpc.internal.ClientCallImpl.access$300(ClientCallImpl.java:70) ~[nacos-client-2.2.1.jar:na]
	at com.alibaba.nacos.shaded.io.grpc.internal.ClientCallImpl$ClientStreamListenerImpl$1StreamClosed.runInternal(ClientCallImpl.java:744) ~[nacos-client-2.2.1.jar:na]
	at com.alibaba.nacos.shaded.io.grpc.internal.ClientCallImpl$ClientStreamListenerImpl$1StreamClosed.runInContext(ClientCallImpl.java:723) ~[nacos-client-2.2.1.jar:na]
	at com.alibaba.nacos.shaded.io.grpc.internal.ContextRunnable.run(ContextRunnable.java:37) ~[nacos-client-2.2.1.jar:na]
	at com.alibaba.nacos.shaded.io.grpc.internal.SerializingExecutor.run(SerializingExecutor.java:133) ~[nacos-client-2.2.1.jar:na]
	... 3 common frames omitted
Caused by: com.alibaba.nacos.shaded.io.grpc.netty.shaded.io.netty.channel.AbstractChannel$AnnotatedConnectException: Connection refused: getsockopt: /127.0.0.1:9848
Caused by: java.net.ConnectException: Connection refused: getsockopt
	at java.base/sun.nio.ch.Net.pollConnect(Native Method) ~[na:na]
	at java.base/sun.nio.ch.Net.pollConnectNow(Net.java:672) ~[na:na]
	at java.base/sun.nio.ch.SocketChannelImpl.finishConnect(SocketChannelImpl.java:946) ~[na:na]
	at com.alibaba.nacos.shaded.io.grpc.netty.shaded.io.netty.channel.socket.nio.NioSocketChannel.doFinishConnect(NioSocketChannel.java:337) ~[nacos-client-2.2.1.jar:na]
	at com.alibaba.nacos.shaded.io.grpc.netty.shaded.io.netty.channel.nio.AbstractNioChannel$AbstractNioUnsafe.finishConnect(AbstractNioChannel.java:334) ~[nacos-client-2.2.1.jar:na]
	at com.alibaba.nacos.shaded.io.grpc.netty.shaded.io.netty.channel.nio.NioEventLoop.processSelectedKey(NioEventLoop.java:710) ~[nacos-client-2.2.1.jar:na]
	at com.alibaba.nacos.shaded.io.grpc.netty.shaded.io.netty.channel.nio.NioEventLoop.processSelectedKeysOptimized(NioEventLoop.java:658) ~[nacos-client-2.2.1.jar:na]
	at com.alibaba.nacos.shaded.io.grpc.netty.shaded.io.netty.channel.nio.NioEventLoop.processSelectedKeys(NioEventLoop.java:584) ~[nacos-client-2.2.1.jar:na]
	at com.alibaba.nacos.shaded.io.grpc.netty.shaded.io.netty.channel.nio.NioEventLoop.run(NioEventLoop.java:496) ~[nacos-client-2.2.1.jar:na]
	at com.alibaba.nacos.shaded.io.grpc.netty.shaded.io.netty.util.concurrent.SingleThreadEventExecutor$4.run(SingleThreadEventExecutor.java:997) ~[nacos-client-2.2.1.jar:na]
	at com.alibaba.nacos.shaded.io.grpc.netty.shaded.io.netty.util.internal.ThreadExecutorMap$2.run(ThreadExecutorMap.java:74) ~[nacos-client-2.2.1.jar:na]
	at com.alibaba.nacos.shaded.io.grpc.netty.shaded.io.netty.util.concurrent.FastThreadLocalRunnable.run(FastThreadLocalRunnable.java:30) ~[nacos-client-2.2.1.jar:na]
	at java.base/java.lang.Thread.run(Thread.java:840) ~[na:na]

2026-03-13T15:55:42.884+08:00  INFO 39528 --- [com.alibaba.nacos.client.remote.worker] com.alibaba.nacos.common.remote.client   : [902fb123-8452-43f3-b4d5-aa3097eddab5_config-0] Fail to connect server, after trying 14 times, last try server is {serverIp = '127.0.0.1', server main port = 8848}, error = unknown
2026-03-13T15:55:43.034+08:00 ERROR 39528 --- [com.alibaba.nacos.client.Worker] com.alibaba.nacos.common.remote.client   : Send request fail, request = ConfigBatchListenRequest{headers={charset=UTF-8, Client-AppName=unknown, Client-RequestToken=a82e3778fc0ab6705b4522cd307e2143, Client-RequestTS=1773388542925, exConfigInfo=true}, requestId='null'}, retryTimes = 0, errorMessage = Client not connected, current status:STARTING
2026-03-13T15:55:43.144+08:00 ERROR 39528 --- [com.alibaba.nacos.client.Worker] com.alibaba.nacos.common.remote.client   : Send request fail, request = ConfigBatchListenRequest{headers={charset=UTF-8, Client-AppName=unknown, Client-RequestToken=a82e3778fc0ab6705b4522cd307e2143, Client-RequestTS=1773388542925, exConfigInfo=true}, requestId='null'}, retryTimes = 1, errorMessage = Client not connected, current status:STARTING
2026-03-13T15:55:43.254+08:00 ERROR 39528 --- [com.alibaba.nacos.client.Worker] com.alibaba.nacos.common.remote.client   : Send request fail, request = ConfigBatchListenRequest{headers={charset=UTF-8, Client-AppName=unknown, Client-RequestToken=a82e3778fc0ab6705b4522cd307e2143, Client-RequestTS=1773388542925, exConfigInfo=true}, requestId='null'}, retryTimes = 2, errorMessage = Client not connected, current status:STARTING
2026-03-13T15:55:43.254+08:00 ERROR 39528 --- [com.alibaba.nacos.client.Worker] c.a.n.client.config.impl.ClientWorker    : Async listen config change error 

com.alibaba.nacos.api.exception.NacosException: Client not connected, current status:STARTING
	at com.alibaba.nacos.common.remote.client.RpcClient.request(RpcClient.java:643) ~[nacos-client-2.2.1.jar:na]
	at com.alibaba.nacos.client.config.impl.ClientWorker$ConfigRpcTransportClient.requestProxy(ClientWorker.java:1011) ~[nacos-client-2.2.1.jar:na]
	at com.alibaba.nacos.client.config.impl.ClientWorker$ConfigRpcTransportClient.requestProxy(ClientWorker.java:992) ~[nacos-client-2.2.1.jar:na]
	at com.alibaba.nacos.client.config.impl.ClientWorker$ConfigRpcTransportClient.executeConfigListen(ClientWorker.java:786) ~[nacos-client-2.2.1.jar:na]
	at com.alibaba.nacos.client.config.impl.ClientWorker$ConfigRpcTransportClient.lambda$startInternal$2(ClientWorker.java:704) ~[nacos-client-2.2.1.jar:na]
	at java.base/java.util.concurrent.Executors$RunnableAdapter.call(Executors.java:539) ~[na:na]
	at java.base/java.util.concurrent.FutureTask.run(FutureTask.java:264) ~[na:na]
	at java.base/java.util.concurrent.ScheduledThreadPoolExecutor$ScheduledFutureTask.run(ScheduledThreadPoolExecutor.java:304) ~[na:na]
	at java.base/java.util.concurrent.ThreadPoolExecutor.runWorker(ThreadPoolExecutor.java:1136) ~[na:na]
	at java.base/java.util.concurrent.ThreadPoolExecutor$Worker.run(ThreadPoolExecutor.java:635) ~[na:na]
	at java.base/java.lang.Thread.run(Thread.java:840) ~[na:na]

2026-03-13T15:55:43.661+08:00  INFO 39528 --- [com.alibaba.nacos.client.remote.worker] c.a.n.c.remote.client.grpc.GrpcClient    : grpc client connection server:127.0.0.1 ip,serverPort:9848,grpcTslConfig:{"sslProvider":"OPENSSL","enableTls":false,"mutualAuthEnable":false,"trustAll":false}
2026-03-13T15:55:43.666+08:00 ERROR 39528 --- [com.alibaba.nacos.client.remote.worker] c.a.n.c.remote.client.grpc.GrpcClient    : Server check fail, please check server 127.0.0.1 ,port 9848 is available , error ={}

java.util.concurrent.ExecutionException: com.alibaba.nacos.shaded.io.grpc.StatusRuntimeException: UNAVAILABLE: io exception
	at com.alibaba.nacos.shaded.com.google.common.util.concurrent.AbstractFuture.getDoneValue(AbstractFuture.java:566) ~[nacos-client-2.2.1.jar:na]
	at com.alibaba.nacos.shaded.com.google.common.util.concurrent.AbstractFuture.get(AbstractFuture.java:445) ~[nacos-client-2.2.1.jar:na]
	at com.alibaba.nacos.common.remote.client.grpc.GrpcClient.serverCheck(GrpcClient.java:218) ~[nacos-client-2.2.1.jar:na]
	at com.alibaba.nacos.common.remote.client.grpc.GrpcClient.connectToServer(GrpcClient.java:329) ~[nacos-client-2.2.1.jar:na]
	at com.alibaba.nacos.common.remote.client.RpcClient.reconnect(RpcClient.java:502) ~[nacos-client-2.2.1.jar:na]
	at com.alibaba.nacos.common.remote.client.RpcClient.lambda$start$2(RpcClient.java:343) ~[nacos-client-2.2.1.jar:na]
	at java.base/java.util.concurrent.Executors$RunnableAdapter.call(Executors.java:539) ~[na:na]
	at java.base/java.util.concurrent.FutureTask.run(FutureTask.java:264) ~[na:na]
	at java.base/java.util.concurrent.ScheduledThreadPoolExecutor$ScheduledFutureTask.run(ScheduledThreadPoolExecutor.java:304) ~[na:na]
	at java.base/java.util.concurrent.ThreadPoolExecutor.runWorker(ThreadPoolExecutor.java:1136) ~[na:na]
	at java.base/java.util.concurrent.ThreadPoolExecutor$Worker.run(ThreadPoolExecutor.java:635) ~[na:na]
	at java.base/java.lang.Thread.run(Thread.java:840) ~[na:na]
Caused by: com.alibaba.nacos.shaded.io.grpc.StatusRuntimeException: UNAVAILABLE: io exception
	at com.alibaba.nacos.shaded.io.grpc.Status.asRuntimeException(Status.java:539) ~[nacos-client-2.2.1.jar:na]
	at com.alibaba.nacos.shaded.io.grpc.stub.ClientCalls$UnaryStreamToFuture.onClose(ClientCalls.java:544) ~[nacos-client-2.2.1.jar:na]
	at com.alibaba.nacos.shaded.io.grpc.internal.DelayedClientCall$DelayedListener$3.run(DelayedClientCall.java:471) ~[nacos-client-2.2.1.jar:na]
	at com.alibaba.nacos.shaded.io.grpc.internal.DelayedClientCall$DelayedListener.delayOrExecute(DelayedClientCall.java:435) ~[nacos-client-2.2.1.jar:na]
	at com.alibaba.nacos.shaded.io.grpc.internal.DelayedClientCall$DelayedListener.onClose(DelayedClientCall.java:468) ~[nacos-client-2.2.1.jar:na]
	at com.alibaba.nacos.shaded.io.grpc.internal.ClientCallImpl.closeObserver(ClientCallImpl.java:563) ~[nacos-client-2.2.1.jar:na]
	at com.alibaba.nacos.shaded.io.grpc.internal.ClientCallImpl.access$300(ClientCallImpl.java:70) ~[nacos-client-2.2.1.jar:na]
	at com.alibaba.nacos.shaded.io.grpc.internal.ClientCallImpl$ClientStreamListenerImpl$1StreamClosed.runInternal(ClientCallImpl.java:744) ~[nacos-client-2.2.1.jar:na]
	at com.alibaba.nacos.shaded.io.grpc.internal.ClientCallImpl$ClientStreamListenerImpl$1StreamClosed.runInContext(ClientCallImpl.java:723) ~[nacos-client-2.2.1.jar:na]
	at com.alibaba.nacos.shaded.io.grpc.internal.ContextRunnable.run(ContextRunnable.java:37) ~[nacos-client-2.2.1.jar:na]
	at com.alibaba.nacos.shaded.io.grpc.internal.SerializingExecutor.run(SerializingExecutor.java:133) ~[nacos-client-2.2.1.jar:na]
	... 3 common frames omitted
Caused by: com.alibaba.nacos.shaded.io.grpc.netty.shaded.io.netty.channel.AbstractChannel$AnnotatedConnectException: Connection refused: getsockopt: /127.0.0.1:9848
Caused by: java.net.ConnectException: Connection refused: getsockopt
	at java.base/sun.nio.ch.Net.pollConnect(Native Method) ~[na:na]
	at java.base/sun.nio.ch.Net.pollConnectNow(Net.java:672) ~[na:na]
	at java.base/sun.nio.ch.SocketChannelImpl.finishConnect(SocketChannelImpl.java:946) ~[na:na]
	at com.alibaba.nacos.shaded.io.grpc.netty.shaded.io.netty.channel.socket.nio.NioSocketChannel.doFinishConnect(NioSocketChannel.java:337) ~[nacos-client-2.2.1.jar:na]
	at com.alibaba.nacos.shaded.io.grpc.netty.shaded.io.netty.channel.nio.AbstractNioChannel$AbstractNioUnsafe.finishConnect(AbstractNioChannel.java:334) ~[nacos-client-2.2.1.jar:na]
	at com.alibaba.nacos.shaded.io.grpc.netty.shaded.io.netty.channel.nio.NioEventLoop.processSelectedKey(NioEventLoop.java:710) ~[nacos-client-2.2.1.jar:na]
	at com.alibaba.nacos.shaded.io.grpc.netty.shaded.io.netty.channel.nio.NioEventLoop.processSelectedKeysOptimized(NioEventLoop.java:658) ~[nacos-client-2.2.1.jar:na]
	at com.alibaba.nacos.shaded.io.grpc.netty.shaded.io.netty.channel.nio.NioEventLoop.processSelectedKeys(NioEventLoop.java:584) ~[nacos-client-2.2.1.jar:na]
	at com.alibaba.nacos.shaded.io.grpc.netty.shaded.io.netty.channel.nio.NioEventLoop.run(NioEventLoop.java:496) ~[nacos-client-2.2.1.jar:na]
	at com.alibaba.nacos.shaded.io.grpc.netty.shaded.io.netty.util.concurrent.SingleThreadEventExecutor$4.run(SingleThreadEventExecutor.java:997) ~[nacos-client-2.2.1.jar:na]
	at com.alibaba.nacos.shaded.io.grpc.netty.shaded.io.netty.util.internal.ThreadExecutorMap$2.run(ThreadExecutorMap.java:74) ~[nacos-client-2.2.1.jar:na]
	at com.alibaba.nacos.shaded.io.grpc.netty.shaded.io.netty.util.concurrent.FastThreadLocalRunnable.run(FastThreadLocalRunnable.java:30) ~[nacos-client-2.2.1.jar:na]
	at java.base/java.lang.Thread.run(Thread.java:840) ~[na:na]

2026-03-13T15:55:43.667+08:00  INFO 39528 --- [com.alibaba.nacos.client.remote.worker] com.alibaba.nacos.common.remote.client   : [036434c5-85d9-4974-8e36-e2750985d740] Fail to connect server, after trying 10 times, last try server is {serverIp = '127.0.0.1', server main port = 8848}, error = unknown
2026-03-13T15:55:43.941+08:00  WARN 39528 --- [com.alibaba.nacos.client.naming.grpc.redo.0] com.alibaba.nacos.client.naming          : Grpc Connection is disconnect, skip current redo task
2026-03-13T15:55:44.396+08:00  INFO 39528 --- [com.alibaba.nacos.client.remote.worker] c.a.n.c.remote.client.grpc.GrpcClient    : grpc client connection server:127.0.0.1 ip,serverPort:9848,grpcTslConfig:{"sslProvider":"OPENSSL","enableTls":false,"mutualAuthEnable":false,"trustAll":false}
2026-03-13T15:55:44.400+08:00 ERROR 39528 --- [com.alibaba.nacos.client.remote.worker] c.a.n.c.remote.client.grpc.GrpcClient    : Server check fail, please check server 127.0.0.1 ,port 9848 is available , error ={}

java.util.concurrent.ExecutionException: com.alibaba.nacos.shaded.io.grpc.StatusRuntimeException: UNAVAILABLE: io exception
	at com.alibaba.nacos.shaded.com.google.common.util.concurrent.AbstractFuture.getDoneValue(AbstractFuture.java:566) ~[nacos-client-2.2.1.jar:na]
	at com.alibaba.nacos.shaded.com.google.common.util.concurrent.AbstractFuture.get(AbstractFuture.java:445) ~[nacos-client-2.2.1.jar:na]
	at com.alibaba.nacos.common.remote.client.grpc.GrpcClient.serverCheck(GrpcClient.java:218) ~[nacos-client-2.2.1.jar:na]
	at com.alibaba.nacos.common.remote.client.grpc.GrpcClient.connectToServer(GrpcClient.java:329) ~[nacos-client-2.2.1.jar:na]
	at com.alibaba.nacos.common.remote.client.RpcClient.reconnect(RpcClient.java:502) ~[nacos-client-2.2.1.jar:na]
	at com.alibaba.nacos.common.remote.client.RpcClient.lambda$start$2(RpcClient.java:343) ~[nacos-client-2.2.1.jar:na]
	at java.base/java.util.concurrent.Executors$RunnableAdapter.call(Executors.java:539) ~[na:na]
	at java.base/java.util.concurrent.FutureTask.run(FutureTask.java:264) ~[na:na]
	at java.base/java.util.concurrent.ScheduledThreadPoolExecutor$ScheduledFutureTask.run(ScheduledThreadPoolExecutor.java:304) ~[na:na]
	at java.base/java.util.concurrent.ThreadPoolExecutor.runWorker(ThreadPoolExecutor.java:1136) ~[na:na]
	at java.base/java.util.concurrent.ThreadPoolExecutor$Worker.run(ThreadPoolExecutor.java:635) ~[na:na]
	at java.base/java.lang.Thread.run(Thread.java:840) ~[na:na]
Caused by: com.alibaba.nacos.shaded.io.grpc.StatusRuntimeException: UNAVAILABLE: io exception
	at com.alibaba.nacos.shaded.io.grpc.Status.asRuntimeException(Status.java:539) ~[nacos-client-2.2.1.jar:na]
	at com.alibaba.nacos.shaded.io.grpc.stub.ClientCalls$UnaryStreamToFuture.onClose(ClientCalls.java:544) ~[nacos-client-2.2.1.jar:na]
	at com.alibaba.nacos.shaded.io.grpc.internal.DelayedClientCall$DelayedListener$3.run(DelayedClientCall.java:471) ~[nacos-client-2.2.1.jar:na]
	at com.alibaba.nacos.shaded.io.grpc.internal.DelayedClientCall$DelayedListener.delayOrExecute(DelayedClientCall.java:435) ~[nacos-client-2.2.1.jar:na]
	at com.alibaba.nacos.shaded.io.grpc.internal.DelayedClientCall$DelayedListener.onClose(DelayedClientCall.java:468) ~[nacos-client-2.2.1.jar:na]
	at com.alibaba.nacos.shaded.io.grpc.internal.ClientCallImpl.closeObserver(ClientCallImpl.java:563) ~[nacos-client-2.2.1.jar:na]
	at com.alibaba.nacos.shaded.io.grpc.internal.ClientCallImpl.access$300(ClientCallImpl.java:70) ~[nacos-client-2.2.1.jar:na]
	at com.alibaba.nacos.shaded.io.grpc.internal.ClientCallImpl$ClientStreamListenerImpl$1StreamClosed.runInternal(ClientCallImpl.java:744) ~[nacos-client-2.2.1.jar:na]
	at com.alibaba.nacos.shaded.io.grpc.internal.ClientCallImpl$ClientStreamListenerImpl$1StreamClosed.runInContext(ClientCallImpl.java:723) ~[nacos-client-2.2.1.jar:na]
	at com.alibaba.nacos.shaded.io.grpc.internal.ContextRunnable.run(ContextRunnable.java:37) ~[nacos-client-2.2.1.jar:na]
	at com.alibaba.nacos.shaded.io.grpc.internal.SerializingExecutor.run(SerializingExecutor.java:133) ~[nacos-client-2.2.1.jar:na]
	... 3 common frames omitted
Caused by: com.alibaba.nacos.shaded.io.grpc.netty.shaded.io.netty.channel.AbstractChannel$AnnotatedConnectException: Connection refused: getsockopt: /127.0.0.1:9848
Caused by: java.net.ConnectException: Connection refused: getsockopt
	at java.base/sun.nio.ch.Net.pollConnect(Native Method) ~[na:na]
	at java.base/sun.nio.ch.Net.pollConnectNow(Net.java:672) ~[na:na]
	at java.base/sun.nio.ch.SocketChannelImpl.finishConnect(SocketChannelImpl.java:946) ~[na:na]
	at com.alibaba.nacos.shaded.io.grpc.netty.shaded.io.netty.channel.socket.nio.NioSocketChannel.doFinishConnect(NioSocketChannel.java:337) ~[nacos-client-2.2.1.jar:na]
	at com.alibaba.nacos.shaded.io.grpc.netty.shaded.io.netty.channel.nio.AbstractNioChannel$AbstractNioUnsafe.finishConnect(AbstractNioChannel.java:334) ~[nacos-client-2.2.1.jar:na]
	at com.alibaba.nacos.shaded.io.grpc.netty.shaded.io.netty.channel.nio.NioEventLoop.processSelectedKey(NioEventLoop.java:710) ~[nacos-client-2.2.1.jar:na]
	at com.alibaba.nacos.shaded.io.grpc.netty.shaded.io.netty.channel.nio.NioEventLoop.processSelectedKeysOptimized(NioEventLoop.java:658) ~[nacos-client-2.2.1.jar:na]
	at com.alibaba.nacos.shaded.io.grpc.netty.shaded.io.netty.channel.nio.NioEventLoop.processSelectedKeys(NioEventLoop.java:584) ~[nacos-client-2.2.1.jar:na]
	at com.alibaba.nacos.shaded.io.grpc.netty.shaded.io.netty.channel.nio.NioEventLoop.run(NioEventLoop.java:496) ~[nacos-client-2.2.1.jar:na]
	at com.alibaba.nacos.shaded.io.grpc.netty.shaded.io.netty.util.concurrent.SingleThreadEventExecutor$4.run(SingleThreadEventExecutor.java:997) ~[nacos-client-2.2.1.jar:na]
	at com.alibaba.nacos.shaded.io.grpc.netty.shaded.io.netty.util.internal.ThreadExecutorMap$2.run(ThreadExecutorMap.java:74) ~[nacos-client-2.2.1.jar:na]
	at com.alibaba.nacos.shaded.io.grpc.netty.shaded.io.netty.util.concurrent.FastThreadLocalRunnable.run(FastThreadLocalRunnable.java:30) ~[nacos-client-2.2.1.jar:na]
	at java.base/java.lang.Thread.run(Thread.java:840) ~[na:na]

2026-03-13T15:55:44.401+08:00  INFO 39528 --- [com.alibaba.nacos.client.remote.worker] com.alibaba.nacos.common.remote.client   : [902fb123-8452-43f3-b4d5-aa3097eddab5_config-0] Fail to connect server, after trying 15 times, last try server is {serverIp = '127.0.0.1', server main port = 8848}, error = unknown
2026-03-13T15:55:44.771+08:00  INFO 39528 --- [com.alibaba.nacos.client.remote.worker] c.a.n.c.remote.client.grpc.GrpcClient    : grpc client connection server:127.0.0.1 ip,serverPort:9848,grpcTslConfig:{"sslProvider":"OPENSSL","enableTls":false,"mutualAuthEnable":false,"trustAll":false}
2026-03-13T15:55:44.776+08:00 ERROR 39528 --- [com.alibaba.nacos.client.remote.worker] c.a.n.c.remote.client.grpc.GrpcClient    : Server check fail, please check server 127.0.0.1 ,port 9848 is available , error ={}

java.util.concurrent.ExecutionException: com.alibaba.nacos.shaded.io.grpc.StatusRuntimeException: UNAVAILABLE: io exception
	at com.alibaba.nacos.shaded.com.google.common.util.concurrent.AbstractFuture.getDoneValue(AbstractFuture.java:566) ~[nacos-client-2.2.1.jar:na]
	at com.alibaba.nacos.shaded.com.google.common.util.concurrent.AbstractFuture.get(AbstractFuture.java:445) ~[nacos-client-2.2.1.jar:na]
	at com.alibaba.nacos.common.remote.client.grpc.GrpcClient.serverCheck(GrpcClient.java:218) ~[nacos-client-2.2.1.jar:na]
	at com.alibaba.nacos.common.remote.client.grpc.GrpcClient.connectToServer(GrpcClient.java:329) ~[nacos-client-2.2.1.jar:na]
	at com.alibaba.nacos.common.remote.client.RpcClient.reconnect(RpcClient.java:502) ~[nacos-client-2.2.1.jar:na]
	at com.alibaba.nacos.common.remote.client.RpcClient.lambda$start$2(RpcClient.java:343) ~[nacos-client-2.2.1.jar:na]
	at java.base/java.util.concurrent.Executors$RunnableAdapter.call(Executors.java:539) ~[na:na]
	at java.base/java.util.concurrent.FutureTask.run(FutureTask.java:264) ~[na:na]
	at java.base/java.util.concurrent.ScheduledThreadPoolExecutor$ScheduledFutureTask.run(ScheduledThreadPoolExecutor.java:304) ~[na:na]
	at java.base/java.util.concurrent.ThreadPoolExecutor.runWorker(ThreadPoolExecutor.java:1136) ~[na:na]
	at java.base/java.util.concurrent.ThreadPoolExecutor$Worker.run(ThreadPoolExecutor.java:635) ~[na:na]
	at java.base/java.lang.Thread.run(Thread.java:840) ~[na:na]
Caused by: com.alibaba.nacos.shaded.io.grpc.StatusRuntimeException: UNAVAILABLE: io exception
	at com.alibaba.nacos.shaded.io.grpc.Status.asRuntimeException(Status.java:539) ~[nacos-client-2.2.1.jar:na]
	at com.alibaba.nacos.shaded.io.grpc.stub.ClientCalls$UnaryStreamToFuture.onClose(ClientCalls.java:544) ~[nacos-client-2.2.1.jar:na]
	at com.alibaba.nacos.shaded.io.grpc.internal.DelayedClientCall$DelayedListener$3.run(DelayedClientCall.java:471) ~[nacos-client-2.2.1.jar:na]
	at com.alibaba.nacos.shaded.io.grpc.internal.DelayedClientCall$DelayedListener.delayOrExecute(DelayedClientCall.java:435) ~[nacos-client-2.2.1.jar:na]
	at com.alibaba.nacos.shaded.io.grpc.internal.DelayedClientCall$DelayedListener.onClose(DelayedClientCall.java:468) ~[nacos-client-2.2.1.jar:na]
	at com.alibaba.nacos.shaded.io.grpc.internal.ClientCallImpl.closeObserver(ClientCallImpl.java:563) ~[nacos-client-2.2.1.jar:na]
	at com.alibaba.nacos.shaded.io.grpc.internal.ClientCallImpl.access$300(ClientCallImpl.java:70) ~[nacos-client-2.2.1.jar:na]
	at com.alibaba.nacos.shaded.io.grpc.internal.ClientCallImpl$ClientStreamListenerImpl$1StreamClosed.runInternal(ClientCallImpl.java:744) ~[nacos-client-2.2.1.jar:na]
	at com.alibaba.nacos.shaded.io.grpc.internal.ClientCallImpl$ClientStreamListenerImpl$1StreamClosed.runInContext(ClientCallImpl.java:723) ~[nacos-client-2.2.1.jar:na]
	at com.alibaba.nacos.shaded.io.grpc.internal.ContextRunnable.run(ContextRunnable.java:37) ~[nacos-client-2.2.1.jar:na]
	at com.alibaba.nacos.shaded.io.grpc.internal.SerializingExecutor.run(SerializingExecutor.java:133) ~[nacos-client-2.2.1.jar:na]
	... 3 common frames omitted
Caused by: com.alibaba.nacos.shaded.io.grpc.netty.shaded.io.netty.channel.AbstractChannel$AnnotatedConnectException: Connection refused: getsockopt: /127.0.0.1:9848
Caused by: java.net.ConnectException: Connection refused: getsockopt
	at java.base/sun.nio.ch.Net.pollConnect(Native Method) ~[na:na]
	at java.base/sun.nio.ch.Net.pollConnectNow(Net.java:672) ~[na:na]
	at java.base/sun.nio.ch.SocketChannelImpl.finishConnect(SocketChannelImpl.java:946) ~[na:na]
	at com.alibaba.nacos.shaded.io.grpc.netty.shaded.io.netty.channel.socket.nio.NioSocketChannel.doFinishConnect(NioSocketChannel.java:337) ~[nacos-client-2.2.1.jar:na]
	at com.alibaba.nacos.shaded.io.grpc.netty.shaded.io.netty.channel.nio.AbstractNioChannel$AbstractNioUnsafe.finishConnect(AbstractNioChannel.java:334) ~[nacos-client-2.2.1.jar:na]
	at com.alibaba.nacos.shaded.io.grpc.netty.shaded.io.netty.channel.nio.NioEventLoop.processSelectedKey(NioEventLoop.java:710) ~[nacos-client-2.2.1.jar:na]
	at com.alibaba.nacos.shaded.io.grpc.netty.shaded.io.netty.channel.nio.NioEventLoop.processSelectedKeysOptimized(NioEventLoop.java:658) ~[nacos-client-2.2.1.jar:na]
	at com.alibaba.nacos.shaded.io.grpc.netty.shaded.io.netty.channel.nio.NioEventLoop.processSelectedKeys(NioEventLoop.java:584) ~[nacos-client-2.2.1.jar:na]
	at com.alibaba.nacos.shaded.io.grpc.netty.shaded.io.netty.channel.nio.NioEventLoop.run(NioEventLoop.java:496) ~[nacos-client-2.2.1.jar:na]
	at com.alibaba.nacos.shaded.io.grpc.netty.shaded.io.netty.util.concurrent.SingleThreadEventExecutor$4.run(SingleThreadEventExecutor.java:997) ~[nacos-client-2.2.1.jar:na]
	at com.alibaba.nacos.shaded.io.grpc.netty.shaded.io.netty.util.internal.ThreadExecutorMap$2.run(ThreadExecutorMap.java:74) ~[nacos-client-2.2.1.jar:na]
	at com.alibaba.nacos.shaded.io.grpc.netty.shaded.io.netty.util.concurrent.FastThreadLocalRunnable.run(FastThreadLocalRunnable.java:30) ~[nacos-client-2.2.1.jar:na]
	at java.base/java.lang.Thread.run(Thread.java:840) ~[na:na]

2026-03-13T15:55:44.777+08:00  INFO 39528 --- [com.alibaba.nacos.client.remote.worker] com.alibaba.nacos.common.remote.client   : [036434c5-85d9-4974-8e36-e2750985d740] Fail to connect server, after trying 11 times, last try server is {serverIp = '127.0.0.1', server main port = 8848}, error = unknown
2026-03-13T15:55:45.986+08:00  INFO 39528 --- [com.alibaba.nacos.client.remote.worker] c.a.n.c.remote.client.grpc.GrpcClient    : grpc client connection server:127.0.0.1 ip,serverPort:9848,grpcTslConfig:{"sslProvider":"OPENSSL","enableTls":false,"mutualAuthEnable":false,"trustAll":false}
2026-03-13T15:55:46.002+08:00  INFO 39528 --- [com.alibaba.nacos.client.remote.worker] c.a.n.c.remote.client.grpc.GrpcClient    : grpc client connection server:127.0.0.1 ip,serverPort:9848,grpcTslConfig:{"sslProvider":"OPENSSL","enableTls":false,"mutualAuthEnable":false,"trustAll":false}
2026-03-13T15:55:46.038+08:00 ERROR 39528 --- [com.alibaba.nacos.client.remote.worker] c.a.n.c.remote.client.grpc.GrpcClient    : Server check fail, please check server 127.0.0.1 ,port 9848 is available , error ={}

java.util.concurrent.ExecutionException: com.alibaba.nacos.shaded.io.grpc.StatusRuntimeException: UNAVAILABLE: io exception
	at com.alibaba.nacos.shaded.com.google.common.util.concurrent.AbstractFuture.getDoneValue(AbstractFuture.java:566) ~[nacos-client-2.2.1.jar:na]
	at com.alibaba.nacos.shaded.com.google.common.util.concurrent.AbstractFuture.get(AbstractFuture.java:445) ~[nacos-client-2.2.1.jar:na]
	at com.alibaba.nacos.common.remote.client.grpc.GrpcClient.serverCheck(GrpcClient.java:218) ~[nacos-client-2.2.1.jar:na]
	at com.alibaba.nacos.common.remote.client.grpc.GrpcClient.connectToServer(GrpcClient.java:329) ~[nacos-client-2.2.1.jar:na]
	at com.alibaba.nacos.common.remote.client.RpcClient.reconnect(RpcClient.java:502) ~[nacos-client-2.2.1.jar:na]
	at com.alibaba.nacos.common.remote.client.RpcClient.lambda$start$2(RpcClient.java:343) ~[nacos-client-2.2.1.jar:na]
	at java.base/java.util.concurrent.Executors$RunnableAdapter.call(Executors.java:539) ~[na:na]
	at java.base/java.util.concurrent.FutureTask.run(FutureTask.java:264) ~[na:na]
	at java.base/java.util.concurrent.ScheduledThreadPoolExecutor$ScheduledFutureTask.run(ScheduledThreadPoolExecutor.java:304) ~[na:na]
	at java.base/java.util.concurrent.ThreadPoolExecutor.runWorker(ThreadPoolExecutor.java:1136) ~[na:na]
	at java.base/java.util.concurrent.ThreadPoolExecutor$Worker.run(ThreadPoolExecutor.java:635) ~[na:na]
	at java.base/java.lang.Thread.run(Thread.java:840) ~[na:na]
Caused by: com.alibaba.nacos.shaded.io.grpc.StatusRuntimeException: UNAVAILABLE: io exception
	at com.alibaba.nacos.shaded.io.grpc.Status.asRuntimeException(Status.java:539) ~[nacos-client-2.2.1.jar:na]
	at com.alibaba.nacos.shaded.io.grpc.stub.ClientCalls$UnaryStreamToFuture.onClose(ClientCalls.java:544) ~[nacos-client-2.2.1.jar:na]
	at com.alibaba.nacos.shaded.io.grpc.internal.DelayedClientCall$DelayedListener$3.run(DelayedClientCall.java:471) ~[nacos-client-2.2.1.jar:na]
	at com.alibaba.nacos.shaded.io.grpc.internal.DelayedClientCall$DelayedListener.delayOrExecute(DelayedClientCall.java:435) ~[nacos-client-2.2.1.jar:na]
	at com.alibaba.nacos.shaded.io.grpc.internal.DelayedClientCall$DelayedListener.onClose(DelayedClientCall.java:468) ~[nacos-client-2.2.1.jar:na]
	at com.alibaba.nacos.shaded.io.grpc.internal.ClientCallImpl.closeObserver(ClientCallImpl.java:563) ~[nacos-client-2.2.1.jar:na]
	at com.alibaba.nacos.shaded.io.grpc.internal.ClientCallImpl.access$300(ClientCallImpl.java:70) ~[nacos-client-2.2.1.jar:na]
	at com.alibaba.nacos.shaded.io.grpc.internal.ClientCallImpl$ClientStreamListenerImpl$1StreamClosed.runInternal(ClientCallImpl.java:744) ~[nacos-client-2.2.1.jar:na]
	at com.alibaba.nacos.shaded.io.grpc.internal.ClientCallImpl$ClientStreamListenerImpl$1StreamClosed.runInContext(ClientCallImpl.java:723) ~[nacos-client-2.2.1.jar:na]
	at com.alibaba.nacos.shaded.io.grpc.internal.ContextRunnable.run(ContextRunnable.java:37) ~[nacos-client-2.2.1.jar:na]
	at com.alibaba.nacos.shaded.io.grpc.internal.SerializingExecutor.run(SerializingExecutor.java:133) ~[nacos-client-2.2.1.jar:na]
	... 3 common frames omitted
Caused by: com.alibaba.nacos.shaded.io.grpc.netty.shaded.io.netty.channel.AbstractChannel$AnnotatedConnectException: Connection refused: getsockopt: /127.0.0.1:9848
Caused by: java.net.ConnectException: Connection refused: getsockopt
	at java.base/sun.nio.ch.Net.pollConnect(Native Method) ~[na:na]
	at java.base/sun.nio.ch.Net.pollConnectNow(Net.java:672) ~[na:na]
	at java.base/sun.nio.ch.SocketChannelImpl.finishConnect(SocketChannelImpl.java:946) ~[na:na]
	at com.alibaba.nacos.shaded.io.grpc.netty.shaded.io.netty.channel.socket.nio.NioSocketChannel.doFinishConnect(NioSocketChannel.java:337) ~[nacos-client-2.2.1.jar:na]
	at com.alibaba.nacos.shaded.io.grpc.netty.shaded.io.netty.channel.nio.AbstractNioChannel$AbstractNioUnsafe.finishConnect(AbstractNioChannel.java:334) ~[nacos-client-2.2.1.jar:na]
	at com.alibaba.nacos.shaded.io.grpc.netty.shaded.io.netty.channel.nio.NioEventLoop.processSelectedKey(NioEventLoop.java:710) ~[nacos-client-2.2.1.jar:na]
	at com.alibaba.nacos.shaded.io.grpc.netty.shaded.io.netty.channel.nio.NioEventLoop.processSelectedKeysOptimized(NioEventLoop.java:658) ~[nacos-client-2.2.1.jar:na]
	at com.alibaba.nacos.shaded.io.grpc.netty.shaded.io.netty.channel.nio.NioEventLoop.processSelectedKeys(NioEventLoop.java:584) ~[nacos-client-2.2.1.jar:na]
	at com.alibaba.nacos.shaded.io.grpc.netty.shaded.io.netty.channel.nio.NioEventLoop.run(NioEventLoop.java:496) ~[nacos-client-2.2.1.jar:na]
	at com.alibaba.nacos.shaded.io.grpc.netty.shaded.io.netty.util.concurrent.SingleThreadEventExecutor$4.run(SingleThreadEventExecutor.java:997) ~[nacos-client-2.2.1.jar:na]
	at com.alibaba.nacos.shaded.io.grpc.netty.shaded.io.netty.util.internal.ThreadExecutorMap$2.run(ThreadExecutorMap.java:74) ~[nacos-client-2.2.1.jar:na]
	at com.alibaba.nacos.shaded.io.grpc.netty.shaded.io.netty.util.concurrent.FastThreadLocalRunnable.run(FastThreadLocalRunnable.java:30) ~[nacos-client-2.2.1.jar:na]
	at java.base/java.lang.Thread.run(Thread.java:840) ~[na:na]

2026-03-13T15:55:46.038+08:00 ERROR 39528 --- [com.alibaba.nacos.client.remote.worker] c.a.n.c.remote.client.grpc.GrpcClient    : Server check fail, please check server 127.0.0.1 ,port 9848 is available , error ={}

java.util.concurrent.ExecutionException: com.alibaba.nacos.shaded.io.grpc.StatusRuntimeException: UNAVAILABLE: io exception
	at com.alibaba.nacos.shaded.com.google.common.util.concurrent.AbstractFuture.getDoneValue(AbstractFuture.java:566) ~[nacos-client-2.2.1.jar:na]
	at com.alibaba.nacos.shaded.com.google.common.util.concurrent.AbstractFuture.get(AbstractFuture.java:445) ~[nacos-client-2.2.1.jar:na]
	at com.alibaba.nacos.common.remote.client.grpc.GrpcClient.serverCheck(GrpcClient.java:218) ~[nacos-client-2.2.1.jar:na]
	at com.alibaba.nacos.common.remote.client.grpc.GrpcClient.connectToServer(GrpcClient.java:329) ~[nacos-client-2.2.1.jar:na]
	at com.alibaba.nacos.common.remote.client.RpcClient.reconnect(RpcClient.java:502) ~[nacos-client-2.2.1.jar:na]
	at com.alibaba.nacos.common.remote.client.RpcClient.lambda$start$2(RpcClient.java:343) ~[nacos-client-2.2.1.jar:na]
	at java.base/java.util.concurrent.Executors$RunnableAdapter.call(Executors.java:539) ~[na:na]
	at java.base/java.util.concurrent.FutureTask.run(FutureTask.java:264) ~[na:na]
	at java.base/java.util.concurrent.ScheduledThreadPoolExecutor$ScheduledFutureTask.run(ScheduledThreadPoolExecutor.java:304) ~[na:na]
	at java.base/java.util.concurrent.ThreadPoolExecutor.runWorker(ThreadPoolExecutor.java:1136) ~[na:na]
	at java.base/java.util.concurrent.ThreadPoolExecutor$Worker.run(ThreadPoolExecutor.java:635) ~[na:na]
	at java.base/java.lang.Thread.run(Thread.java:840) ~[na:na]
Caused by: com.alibaba.nacos.shaded.io.grpc.StatusRuntimeException: UNAVAILABLE: io exception
	at com.alibaba.nacos.shaded.io.grpc.Status.asRuntimeException(Status.java:539) ~[nacos-client-2.2.1.jar:na]
	at com.alibaba.nacos.shaded.io.grpc.stub.ClientCalls$UnaryStreamToFuture.onClose(ClientCalls.java:544) ~[nacos-client-2.2.1.jar:na]
	at com.alibaba.nacos.shaded.io.grpc.internal.DelayedClientCall$DelayedListener$3.run(DelayedClientCall.java:471) ~[nacos-client-2.2.1.jar:na]
	at com.alibaba.nacos.shaded.io.grpc.internal.DelayedClientCall$DelayedListener.delayOrExecute(DelayedClientCall.java:435) ~[nacos-client-2.2.1.jar:na]
	at com.alibaba.nacos.shaded.io.grpc.internal.DelayedClientCall$DelayedListener.onClose(DelayedClientCall.java:468) ~[nacos-client-2.2.1.jar:na]
	at com.alibaba.nacos.shaded.io.grpc.internal.ClientCallImpl.closeObserver(ClientCallImpl.java:563) ~[nacos-client-2.2.1.jar:na]
	at com.alibaba.nacos.shaded.io.grpc.internal.ClientCallImpl.access$300(ClientCallImpl.java:70) ~[nacos-client-2.2.1.jar:na]
	at com.alibaba.nacos.shaded.io.grpc.internal.ClientCallImpl$ClientStreamListenerImpl$1StreamClosed.runInternal(ClientCallImpl.java:744) ~[nacos-client-2.2.1.jar:na]
	at com.alibaba.nacos.shaded.io.grpc.internal.ClientCallImpl$ClientStreamListenerImpl$1StreamClosed.runInContext(ClientCallImpl.java:723) ~[nacos-client-2.2.1.jar:na]
	at com.alibaba.nacos.shaded.io.grpc.internal.ContextRunnable.run(ContextRunnable.java:37) ~[nacos-client-2.2.1.jar:na]
	at com.alibaba.nacos.shaded.io.grpc.internal.SerializingExecutor.run(SerializingExecutor.java:133) ~[nacos-client-2.2.1.jar:na]
	... 3 common frames omitted
Caused by: com.alibaba.nacos.shaded.io.grpc.netty.shaded.io.netty.channel.AbstractChannel$AnnotatedConnectException: Connection refused: getsockopt: /127.0.0.1:9848
Caused by: java.net.ConnectException: Connection refused: getsockopt
	at java.base/sun.nio.ch.Net.pollConnect(Native Method) ~[na:na]
	at java.base/sun.nio.ch.Net.pollConnectNow(Net.java:672) ~[na:na]
	at java.base/sun.nio.ch.SocketChannelImpl.finishConnect(SocketChannelImpl.java:946) ~[na:na]
	at com.alibaba.nacos.shaded.io.grpc.netty.shaded.io.netty.channel.socket.nio.NioSocketChannel.doFinishConnect(NioSocketChannel.java:337) ~[nacos-client-2.2.1.jar:na]
	at com.alibaba.nacos.shaded.io.grpc.netty.shaded.io.netty.channel.nio.AbstractNioChannel$AbstractNioUnsafe.finishConnect(AbstractNioChannel.java:334) ~[nacos-client-2.2.1.jar:na]
	at com.alibaba.nacos.shaded.io.grpc.netty.shaded.io.netty.channel.nio.NioEventLoop.processSelectedKey(NioEventLoop.java:710) ~[nacos-client-2.2.1.jar:na]
	at com.alibaba.nacos.shaded.io.grpc.netty.shaded.io.netty.channel.nio.NioEventLoop.processSelectedKeysOptimized(NioEventLoop.java:658) ~[nacos-client-2.2.1.jar:na]
	at com.alibaba.nacos.shaded.io.grpc.netty.shaded.io.netty.channel.nio.NioEventLoop.processSelectedKeys(NioEventLoop.java:584) ~[nacos-client-2.2.1.jar:na]
	at com.alibaba.nacos.shaded.io.grpc.netty.shaded.io.netty.channel.nio.NioEventLoop.run(NioEventLoop.java:496) ~[nacos-client-2.2.1.jar:na]
	at com.alibaba.nacos.shaded.io.grpc.netty.shaded.io.netty.util.concurrent.SingleThreadEventExecutor$4.run(SingleThreadEventExecutor.java:997) ~[nacos-client-2.2.1.jar:na]
	at com.alibaba.nacos.shaded.io.grpc.netty.shaded.io.netty.util.internal.ThreadExecutorMap$2.run(ThreadExecutorMap.java:74) ~[nacos-client-2.2.1.jar:na]
	at com.alibaba.nacos.shaded.io.grpc.netty.shaded.io.netty.util.concurrent.FastThreadLocalRunnable.run(FastThreadLocalRunnable.java:30) ~[nacos-client-2.2.1.jar:na]
	at java.base/java.lang.Thread.run(Thread.java:840) ~[na:na]

2026-03-13T15:55:46.039+08:00  INFO 39528 --- [com.alibaba.nacos.client.remote.worker] com.alibaba.nacos.common.remote.client   : [036434c5-85d9-4974-8e36-e2750985d740] Fail to connect server, after trying 12 times, last try server is {serverIp = '127.0.0.1', server main port = 8848}, error = unknown
2026-03-13T15:55:46.039+08:00  INFO 39528 --- [com.alibaba.nacos.client.remote.worker] com.alibaba.nacos.common.remote.client   : [902fb123-8452-43f3-b4d5-aa3097eddab5_config-0] Fail to connect server, after trying 16 times, last try server is {serverIp = '127.0.0.1', server main port = 8848}, error = unknown
2026-03-13T15:55:46.955+08:00  WARN 39528 --- [com.alibaba.nacos.client.naming.grpc.redo.0] com.alibaba.nacos.client.naming          : Grpc Connection is disconnect, skip current redo task
2026-03-13T15:55:47.346+08:00  INFO 39528 --- [com.alibaba.nacos.client.remote.worker] c.a.n.c.remote.client.grpc.GrpcClient    : grpc client connection server:127.0.0.1 ip,serverPort:9848,grpcTslConfig:{"sslProvider":"OPENSSL","enableTls":false,"mutualAuthEnable":false,"trustAll":false}
2026-03-13T15:55:47.405+08:00 ERROR 39528 --- [com.alibaba.nacos.client.remote.worker] c.a.n.c.remote.client.grpc.GrpcClient    : Server check fail, please check server 127.0.0.1 ,port 9848 is available , error ={}

java.util.concurrent.ExecutionException: com.alibaba.nacos.shaded.io.grpc.StatusRuntimeException: UNAVAILABLE: io exception
	at com.alibaba.nacos.shaded.com.google.common.util.concurrent.AbstractFuture.getDoneValue(AbstractFuture.java:566) ~[nacos-client-2.2.1.jar:na]
	at com.alibaba.nacos.shaded.com.google.common.util.concurrent.AbstractFuture.get(AbstractFuture.java:445) ~[nacos-client-2.2.1.jar:na]
	at com.alibaba.nacos.common.remote.client.grpc.GrpcClient.serverCheck(GrpcClient.java:218) ~[nacos-client-2.2.1.jar:na]
	at com.alibaba.nacos.common.remote.client.grpc.GrpcClient.connectToServer(GrpcClient.java:329) ~[nacos-client-2.2.1.jar:na]
	at com.alibaba.nacos.common.remote.client.RpcClient.reconnect(RpcClient.java:502) ~[nacos-client-2.2.1.jar:na]
	at com.alibaba.nacos.common.remote.client.RpcClient.lambda$start$2(RpcClient.java:343) ~[nacos-client-2.2.1.jar:na]
	at java.base/java.util.concurrent.Executors$RunnableAdapter.call(Executors.java:539) ~[na:na]
	at java.base/java.util.concurrent.FutureTask.run(FutureTask.java:264) ~[na:na]
	at java.base/java.util.concurrent.ScheduledThreadPoolExecutor$ScheduledFutureTask.run(ScheduledThreadPoolExecutor.java:304) ~[na:na]
	at java.base/java.util.concurrent.ThreadPoolExecutor.runWorker(ThreadPoolExecutor.java:1136) ~[na:na]
	at java.base/java.util.concurrent.ThreadPoolExecutor$Worker.run(ThreadPoolExecutor.java:635) ~[na:na]
	at java.base/java.lang.Thread.run(Thread.java:840) ~[na:na]
Caused by: com.alibaba.nacos.shaded.io.grpc.StatusRuntimeException: UNAVAILABLE: io exception
	at com.alibaba.nacos.shaded.io.grpc.Status.asRuntimeException(Status.java:539) ~[nacos-client-2.2.1.jar:na]
	at com.alibaba.nacos.shaded.io.grpc.stub.ClientCalls$UnaryStreamToFuture.onClose(ClientCalls.java:544) ~[nacos-client-2.2.1.jar:na]
	at com.alibaba.nacos.shaded.io.grpc.internal.DelayedClientCall$DelayedListener$3.run(DelayedClientCall.java:471) ~[nacos-client-2.2.1.jar:na]
	at com.alibaba.nacos.shaded.io.grpc.internal.DelayedClientCall$DelayedListener.delayOrExecute(DelayedClientCall.java:435) ~[nacos-client-2.2.1.jar:na]
	at com.alibaba.nacos.shaded.io.grpc.internal.DelayedClientCall$DelayedListener.onClose(DelayedClientCall.java:468) ~[nacos-client-2.2.1.jar:na]
	at com.alibaba.nacos.shaded.io.grpc.internal.ClientCallImpl.closeObserver(ClientCallImpl.java:563) ~[nacos-client-2.2.1.jar:na]
	at com.alibaba.nacos.shaded.io.grpc.internal.ClientCallImpl.access$300(ClientCallImpl.java:70) ~[nacos-client-2.2.1.jar:na]
	at com.alibaba.nacos.shaded.io.grpc.internal.ClientCallImpl$ClientStreamListenerImpl$1StreamClosed.runInternal(ClientCallImpl.java:744) ~[nacos-client-2.2.1.jar:na]
	at com.alibaba.nacos.shaded.io.grpc.internal.ClientCallImpl$ClientStreamListenerImpl$1StreamClosed.runInContext(ClientCallImpl.java:723) ~[nacos-client-2.2.1.jar:na]
	at com.alibaba.nacos.shaded.io.grpc.internal.ContextRunnable.run(ContextRunnable.java:37) ~[nacos-client-2.2.1.jar:na]
	at com.alibaba.nacos.shaded.io.grpc.internal.SerializingExecutor.run(SerializingExecutor.java:133) ~[nacos-client-2.2.1.jar:na]
	... 3 common frames omitted
Caused by: com.alibaba.nacos.shaded.io.grpc.netty.shaded.io.netty.channel.AbstractChannel$AnnotatedConnectException: Connection refused: getsockopt: /127.0.0.1:9848
Caused by: java.net.ConnectException: Connection refused: getsockopt
	at java.base/sun.nio.ch.Net.pollConnect(Native Method) ~[na:na]
	at java.base/sun.nio.ch.Net.pollConnectNow(Net.java:672) ~[na:na]
	at java.base/sun.nio.ch.SocketChannelImpl.finishConnect(SocketChannelImpl.java:946) ~[na:na]
	at com.alibaba.nacos.shaded.io.grpc.netty.shaded.io.netty.channel.socket.nio.NioSocketChannel.doFinishConnect(NioSocketChannel.java:337) ~[nacos-client-2.2.1.jar:na]
	at com.alibaba.nacos.shaded.io.grpc.netty.shaded.io.netty.channel.nio.AbstractNioChannel$AbstractNioUnsafe.finishConnect(AbstractNioChannel.java:334) ~[nacos-client-2.2.1.jar:na]
	at com.alibaba.nacos.shaded.io.grpc.netty.shaded.io.netty.channel.nio.NioEventLoop.processSelectedKey(NioEventLoop.java:710) ~[nacos-client-2.2.1.jar:na]
	at com.alibaba.nacos.shaded.io.grpc.netty.shaded.io.netty.channel.nio.NioEventLoop.processSelectedKeysOptimized(NioEventLoop.java:658) ~[nacos-client-2.2.1.jar:na]
	at com.alibaba.nacos.shaded.io.grpc.netty.shaded.io.netty.channel.nio.NioEventLoop.processSelectedKeys(NioEventLoop.java:584) ~[nacos-client-2.2.1.jar:na]
	at com.alibaba.nacos.shaded.io.grpc.netty.shaded.io.netty.channel.nio.NioEventLoop.run(NioEventLoop.java:496) ~[nacos-client-2.2.1.jar:na]
	at com.alibaba.nacos.shaded.io.grpc.netty.shaded.io.netty.util.concurrent.SingleThreadEventExecutor$4.run(SingleThreadEventExecutor.java:997) ~[nacos-client-2.2.1.jar:na]
	at com.alibaba.nacos.shaded.io.grpc.netty.shaded.io.netty.util.internal.ThreadExecutorMap$2.run(ThreadExecutorMap.java:74) ~[nacos-client-2.2.1.jar:na]
	at com.alibaba.nacos.shaded.io.grpc.netty.shaded.io.netty.util.concurrent.FastThreadLocalRunnable.run(FastThreadLocalRunnable.java:30) ~[nacos-client-2.2.1.jar:na]
	at java.base/java.lang.Thread.run(Thread.java:840) ~[na:na]

2026-03-13T15:55:47.406+08:00  INFO 39528 --- [com.alibaba.nacos.client.remote.worker] com.alibaba.nacos.common.remote.client   : [036434c5-85d9-4974-8e36-e2750985d740] Fail to connect server, after trying 13 times, last try server is {serverIp = '127.0.0.1', server main port = 8848}, error = unknown
2026-03-13T15:55:47.751+08:00  INFO 39528 --- [com.alibaba.nacos.client.remote.worker] c.a.n.c.remote.client.grpc.GrpcClient    : grpc client connection server:127.0.0.1 ip,serverPort:9848,grpcTslConfig:{"sslProvider":"OPENSSL","enableTls":false,"mutualAuthEnable":false,"trustAll":false}
2026-03-13T15:55:47.755+08:00 ERROR 39528 --- [com.alibaba.nacos.client.remote.worker] c.a.n.c.remote.client.grpc.GrpcClient    : Server check fail, please check server 127.0.0.1 ,port 9848 is available , error ={}

java.util.concurrent.ExecutionException: com.alibaba.nacos.shaded.io.grpc.StatusRuntimeException: UNAVAILABLE: io exception
	at com.alibaba.nacos.shaded.com.google.common.util.concurrent.AbstractFuture.getDoneValue(AbstractFuture.java:566) ~[nacos-client-2.2.1.jar:na]
	at com.alibaba.nacos.shaded.com.google.common.util.concurrent.AbstractFuture.get(AbstractFuture.java:445) ~[nacos-client-2.2.1.jar:na]
	at com.alibaba.nacos.common.remote.client.grpc.GrpcClient.serverCheck(GrpcClient.java:218) ~[nacos-client-2.2.1.jar:na]
	at com.alibaba.nacos.common.remote.client.grpc.GrpcClient.connectToServer(GrpcClient.java:329) ~[nacos-client-2.2.1.jar:na]
	at com.alibaba.nacos.common.remote.client.RpcClient.reconnect(RpcClient.java:502) ~[nacos-client-2.2.1.jar:na]
	at com.alibaba.nacos.common.remote.client.RpcClient.lambda$start$2(RpcClient.java:343) ~[nacos-client-2.2.1.jar:na]
	at java.base/java.util.concurrent.Executors$RunnableAdapter.call(Executors.java:539) ~[na:na]
	at java.base/java.util.concurrent.FutureTask.run(FutureTask.java:264) ~[na:na]
	at java.base/java.util.concurrent.ScheduledThreadPoolExecutor$ScheduledFutureTask.run(ScheduledThreadPoolExecutor.java:304) ~[na:na]
	at java.base/java.util.concurrent.ThreadPoolExecutor.runWorker(ThreadPoolExecutor.java:1136) ~[na:na]
	at java.base/java.util.concurrent.ThreadPoolExecutor$Worker.run(ThreadPoolExecutor.java:635) ~[na:na]
	at java.base/java.lang.Thread.run(Thread.java:840) ~[na:na]
Caused by: com.alibaba.nacos.shaded.io.grpc.StatusRuntimeException: UNAVAILABLE: io exception
	at com.alibaba.nacos.shaded.io.grpc.Status.asRuntimeException(Status.java:539) ~[nacos-client-2.2.1.jar:na]
	at com.alibaba.nacos.shaded.io.grpc.stub.ClientCalls$UnaryStreamToFuture.onClose(ClientCalls.java:544) ~[nacos-client-2.2.1.jar:na]
	at com.alibaba.nacos.shaded.io.grpc.internal.DelayedClientCall$DelayedListener$3.run(DelayedClientCall.java:471) ~[nacos-client-2.2.1.jar:na]
	at com.alibaba.nacos.shaded.io.grpc.internal.DelayedClientCall$DelayedListener.delayOrExecute(DelayedClientCall.java:435) ~[nacos-client-2.2.1.jar:na]
	at com.alibaba.nacos.shaded.io.grpc.internal.DelayedClientCall$DelayedListener.onClose(DelayedClientCall.java:468) ~[nacos-client-2.2.1.jar:na]
	at com.alibaba.nacos.shaded.io.grpc.internal.ClientCallImpl.closeObserver(ClientCallImpl.java:563) ~[nacos-client-2.2.1.jar:na]
	at com.alibaba.nacos.shaded.io.grpc.internal.ClientCallImpl.access$300(ClientCallImpl.java:70) ~[nacos-client-2.2.1.jar:na]
	at com.alibaba.nacos.shaded.io.grpc.internal.ClientCallImpl$ClientStreamListenerImpl$1StreamClosed.runInternal(ClientCallImpl.java:744) ~[nacos-client-2.2.1.jar:na]
	at com.alibaba.nacos.shaded.io.grpc.internal.ClientCallImpl$ClientStreamListenerImpl$1StreamClosed.runInContext(ClientCallImpl.java:723) ~[nacos-client-2.2.1.jar:na]
	at com.alibaba.nacos.shaded.io.grpc.internal.ContextRunnable.run(ContextRunnable.java:37) ~[nacos-client-2.2.1.jar:na]
	at com.alibaba.nacos.shaded.io.grpc.internal.SerializingExecutor.run(SerializingExecutor.java:133) ~[nacos-client-2.2.1.jar:na]
	... 3 common frames omitted
Caused by: com.alibaba.nacos.shaded.io.grpc.netty.shaded.io.netty.channel.AbstractChannel$AnnotatedConnectException: Connection refused: getsockopt: /127.0.0.1:9848
Caused by: java.net.ConnectException: Connection refused: getsockopt
	at java.base/sun.nio.ch.Net.pollConnect(Native Method) ~[na:na]
	at java.base/sun.nio.ch.Net.pollConnectNow(Net.java:672) ~[na:na]
	at java.base/sun.nio.ch.SocketChannelImpl.finishConnect(SocketChannelImpl.java:946) ~[na:na]
	at com.alibaba.nacos.shaded.io.grpc.netty.shaded.io.netty.channel.socket.nio.NioSocketChannel.doFinishConnect(NioSocketChannel.java:337) ~[nacos-client-2.2.1.jar:na]
	at com.alibaba.nacos.shaded.io.grpc.netty.shaded.io.netty.channel.nio.AbstractNioChannel$AbstractNioUnsafe.finishConnect(AbstractNioChannel.java:334) ~[nacos-client-2.2.1.jar:na]
	at com.alibaba.nacos.shaded.io.grpc.netty.shaded.io.netty.channel.nio.NioEventLoop.processSelectedKey(NioEventLoop.java:710) ~[nacos-client-2.2.1.jar:na]
	at com.alibaba.nacos.shaded.io.grpc.netty.shaded.io.netty.channel.nio.NioEventLoop.processSelectedKeysOptimized(NioEventLoop.java:658) ~[nacos-client-2.2.1.jar:na]
	at com.alibaba.nacos.shaded.io.grpc.netty.shaded.io.netty.channel.nio.NioEventLoop.processSelectedKeys(NioEventLoop.java:584) ~[nacos-client-2.2.1.jar:na]
	at com.alibaba.nacos.shaded.io.grpc.netty.shaded.io.netty.channel.nio.NioEventLoop.run(NioEventLoop.java:496) ~[nacos-client-2.2.1.jar:na]
	at com.alibaba.nacos.shaded.io.grpc.netty.shaded.io.netty.util.concurrent.SingleThreadEventExecutor$4.run(SingleThreadEventExecutor.java:997) ~[nacos-client-2.2.1.jar:na]
	at com.alibaba.nacos.shaded.io.grpc.netty.shaded.io.netty.util.internal.ThreadExecutorMap$2.run(ThreadExecutorMap.java:74) ~[nacos-client-2.2.1.jar:na]
	at com.alibaba.nacos.shaded.io.grpc.netty.shaded.io.netty.util.concurrent.FastThreadLocalRunnable.run(FastThreadLocalRunnable.java:30) ~[nacos-client-2.2.1.jar:na]
	at java.base/java.lang.Thread.run(Thread.java:840) ~[na:na]

2026-03-13T15:55:47.756+08:00  INFO 39528 --- [com.alibaba.nacos.client.remote.worker] com.alibaba.nacos.common.remote.client   : [902fb123-8452-43f3-b4d5-aa3097eddab5_config-0] Fail to connect server, after trying 17 times, last try server is {serverIp = '127.0.0.1', server main port = 8848}, error = unknown
2026-03-13T15:55:48.451+08:00 ERROR 39528 --- [com.alibaba.nacos.client.Worker] com.alibaba.nacos.common.remote.client   : Send request fail, request = ConfigBatchListenRequest{headers={charset=UTF-8, Client-AppName=unknown, Client-RequestToken=aa6938e2936481b1852fd10111afe057, Client-RequestTS=1773388548335, exConfigInfo=true}, requestId='null'}, retryTimes = 0, errorMessage = Client not connected, current status:STARTING
2026-03-13T15:55:48.565+08:00 ERROR 39528 --- [com.alibaba.nacos.client.Worker] com.alibaba.nacos.common.remote.client   : Send request fail, request = ConfigBatchListenRequest{headers={charset=UTF-8, Client-AppName=unknown, Client-RequestToken=aa6938e2936481b1852fd10111afe057, Client-RequestTS=1773388548335, exConfigInfo=true}, requestId='null'}, retryTimes = 1, errorMessage = Client not connected, current status:STARTING
2026-03-13T15:55:48.666+08:00 ERROR 39528 --- [com.alibaba.nacos.client.Worker] com.alibaba.nacos.common.remote.client   : Send request fail, request = ConfigBatchListenRequest{headers={charset=UTF-8, Client-AppName=unknown, Client-RequestToken=aa6938e2936481b1852fd10111afe057, Client-RequestTS=1773388548335, exConfigInfo=true}, requestId='null'}, retryTimes = 2, errorMessage = Client not connected, current status:STARTING
2026-03-13T15:55:48.667+08:00 ERROR 39528 --- [com.alibaba.nacos.client.Worker] c.a.n.client.config.impl.ClientWorker    : Async listen config change error 

com.alibaba.nacos.api.exception.NacosException: Client not connected, current status:STARTING
	at com.alibaba.nacos.common.remote.client.RpcClient.request(RpcClient.java:643) ~[nacos-client-2.2.1.jar:na]
	at com.alibaba.nacos.client.config.impl.ClientWorker$ConfigRpcTransportClient.requestProxy(ClientWorker.java:1011) ~[nacos-client-2.2.1.jar:na]
	at com.alibaba.nacos.client.config.impl.ClientWorker$ConfigRpcTransportClient.requestProxy(ClientWorker.java:992) ~[nacos-client-2.2.1.jar:na]
	at com.alibaba.nacos.client.config.impl.ClientWorker$ConfigRpcTransportClient.executeConfigListen(ClientWorker.java:786) ~[nacos-client-2.2.1.jar:na]
	at com.alibaba.nacos.client.config.impl.ClientWorker$ConfigRpcTransportClient.lambda$startInternal$2(ClientWorker.java:704) ~[nacos-client-2.2.1.jar:na]
	at java.base/java.util.concurrent.Executors$RunnableAdapter.call(Executors.java:539) ~[na:na]
	at java.base/java.util.concurrent.FutureTask.run(FutureTask.java:264) ~[na:na]
	at java.base/java.util.concurrent.ScheduledThreadPoolExecutor$ScheduledFutureTask.run(ScheduledThreadPoolExecutor.java:304) ~[na:na]
	at java.base/java.util.concurrent.ThreadPoolExecutor.runWorker(ThreadPoolExecutor.java:1136) ~[na:na]
	at java.base/java.util.concurrent.ThreadPoolExecutor$Worker.run(ThreadPoolExecutor.java:635) ~[na:na]
	at java.base/java.lang.Thread.run(Thread.java:840) ~[na:na]

2026-03-13T15:55:48.810+08:00  INFO 39528 --- [com.alibaba.nacos.client.remote.worker] c.a.n.c.remote.client.grpc.GrpcClient    : grpc client connection server:127.0.0.1 ip,serverPort:9848,grpcTslConfig:{"sslProvider":"OPENSSL","enableTls":false,"mutualAuthEnable":false,"trustAll":false}
2026-03-13T15:55:48.861+08:00 ERROR 39528 --- [com.alibaba.nacos.client.remote.worker] c.a.n.c.remote.client.grpc.GrpcClient    : Server check fail, please check server 127.0.0.1 ,port 9848 is available , error ={}

java.util.concurrent.ExecutionException: com.alibaba.nacos.shaded.io.grpc.StatusRuntimeException: UNAVAILABLE: io exception
	at com.alibaba.nacos.shaded.com.google.common.util.concurrent.AbstractFuture.getDoneValue(AbstractFuture.java:566) ~[nacos-client-2.2.1.jar:na]
	at com.alibaba.nacos.shaded.com.google.common.util.concurrent.AbstractFuture.get(AbstractFuture.java:445) ~[nacos-client-2.2.1.jar:na]
	at com.alibaba.nacos.common.remote.client.grpc.GrpcClient.serverCheck(GrpcClient.java:218) ~[nacos-client-2.2.1.jar:na]
	at com.alibaba.nacos.common.remote.client.grpc.GrpcClient.connectToServer(GrpcClient.java:329) ~[nacos-client-2.2.1.jar:na]
	at com.alibaba.nacos.common.remote.client.RpcClient.reconnect(RpcClient.java:502) ~[nacos-client-2.2.1.jar:na]
	at com.alibaba.nacos.common.remote.client.RpcClient.lambda$start$2(RpcClient.java:343) ~[nacos-client-2.2.1.jar:na]
	at java.base/java.util.concurrent.Executors$RunnableAdapter.call(Executors.java:539) ~[na:na]
	at java.base/java.util.concurrent.FutureTask.run(FutureTask.java:264) ~[na:na]
	at java.base/java.util.concurrent.ScheduledThreadPoolExecutor$ScheduledFutureTask.run(ScheduledThreadPoolExecutor.java:304) ~[na:na]
	at java.base/java.util.concurrent.ThreadPoolExecutor.runWorker(ThreadPoolExecutor.java:1136) ~[na:na]
	at java.base/java.util.concurrent.ThreadPoolExecutor$Worker.run(ThreadPoolExecutor.java:635) ~[na:na]
	at java.base/java.lang.Thread.run(Thread.java:840) ~[na:na]
Caused by: com.alibaba.nacos.shaded.io.grpc.StatusRuntimeException: UNAVAILABLE: io exception
	at com.alibaba.nacos.shaded.io.grpc.Status.asRuntimeException(Status.java:539) ~[nacos-client-2.2.1.jar:na]
	at com.alibaba.nacos.shaded.io.grpc.stub.ClientCalls$UnaryStreamToFuture.onClose(ClientCalls.java:544) ~[nacos-client-2.2.1.jar:na]
	at com.alibaba.nacos.shaded.io.grpc.internal.DelayedClientCall$DelayedListener$3.run(DelayedClientCall.java:471) ~[nacos-client-2.2.1.jar:na]
	at com.alibaba.nacos.shaded.io.grpc.internal.DelayedClientCall$DelayedListener.delayOrExecute(DelayedClientCall.java:435) ~[nacos-client-2.2.1.jar:na]
	at com.alibaba.nacos.shaded.io.grpc.internal.DelayedClientCall$DelayedListener.onClose(DelayedClientCall.java:468) ~[nacos-client-2.2.1.jar:na]
	at com.alibaba.nacos.shaded.io.grpc.internal.ClientCallImpl.closeObserver(ClientCallImpl.java:563) ~[nacos-client-2.2.1.jar:na]
	at com.alibaba.nacos.shaded.io.grpc.internal.ClientCallImpl.access$300(ClientCallImpl.java:70) ~[nacos-client-2.2.1.jar:na]
	at com.alibaba.nacos.shaded.io.grpc.internal.ClientCallImpl$ClientStreamListenerImpl$1StreamClosed.runInternal(ClientCallImpl.java:744) ~[nacos-client-2.2.1.jar:na]
	at com.alibaba.nacos.shaded.io.grpc.internal.ClientCallImpl$ClientStreamListenerImpl$1StreamClosed.runInContext(ClientCallImpl.java:723) ~[nacos-client-2.2.1.jar:na]
	at com.alibaba.nacos.shaded.io.grpc.internal.ContextRunnable.run(ContextRunnable.java:37) ~[nacos-client-2.2.1.jar:na]
	at com.alibaba.nacos.shaded.io.grpc.internal.SerializingExecutor.run(SerializingExecutor.java:133) ~[nacos-client-2.2.1.jar:na]
	... 3 common frames omitted
Caused by: com.alibaba.nacos.shaded.io.grpc.netty.shaded.io.netty.channel.AbstractChannel$AnnotatedConnectException: Connection refused: getsockopt: /127.0.0.1:9848
Caused by: java.net.ConnectException: Connection refused: getsockopt
	at java.base/sun.nio.ch.Net.pollConnect(Native Method) ~[na:na]
	at java.base/sun.nio.ch.Net.pollConnectNow(Net.java:672) ~[na:na]
	at java.base/sun.nio.ch.SocketChannelImpl.finishConnect(SocketChannelImpl.java:946) ~[na:na]
	at com.alibaba.nacos.shaded.io.grpc.netty.shaded.io.netty.channel.socket.nio.NioSocketChannel.doFinishConnect(NioSocketChannel.java:337) ~[nacos-client-2.2.1.jar:na]
	at com.alibaba.nacos.shaded.io.grpc.netty.shaded.io.netty.channel.nio.AbstractNioChannel$AbstractNioUnsafe.finishConnect(AbstractNioChannel.java:334) ~[nacos-client-2.2.1.jar:na]
	at com.alibaba.nacos.shaded.io.grpc.netty.shaded.io.netty.channel.nio.NioEventLoop.processSelectedKey(NioEventLoop.java:710) ~[nacos-client-2.2.1.jar:na]
	at com.alibaba.nacos.shaded.io.grpc.netty.shaded.io.netty.channel.nio.NioEventLoop.processSelectedKeysOptimized(NioEventLoop.java:658) ~[nacos-client-2.2.1.jar:na]
	at com.alibaba.nacos.shaded.io.grpc.netty.shaded.io.netty.channel.nio.NioEventLoop.processSelectedKeys(NioEventLoop.java:584) ~[nacos-client-2.2.1.jar:na]
	at com.alibaba.nacos.shaded.io.grpc.netty.shaded.io.netty.channel.nio.NioEventLoop.run(NioEventLoop.java:496) ~[nacos-client-2.2.1.jar:na]
	at com.alibaba.nacos.shaded.io.grpc.netty.shaded.io.netty.util.concurrent.SingleThreadEventExecutor$4.run(SingleThreadEventExecutor.java:997) ~[nacos-client-2.2.1.jar:na]
	at com.alibaba.nacos.shaded.io.grpc.netty.shaded.io.netty.util.internal.ThreadExecutorMap$2.run(ThreadExecutorMap.java:74) ~[nacos-client-2.2.1.jar:na]
	at com.alibaba.nacos.shaded.io.grpc.netty.shaded.io.netty.util.concurrent.FastThreadLocalRunnable.run(FastThreadLocalRunnable.java:30) ~[nacos-client-2.2.1.jar:na]
	at java.base/java.lang.Thread.run(Thread.java:840) ~[na:na]

2026-03-13T15:55:48.862+08:00  INFO 39528 --- [com.alibaba.nacos.client.remote.worker] com.alibaba.nacos.common.remote.client   : [036434c5-85d9-4974-8e36-e2750985d740] Fail to connect server, after trying 14 times, last try server is {serverIp = '127.0.0.1', server main port = 8848}, error = unknown
2026-03-13T15:55:49.559+08:00  INFO 39528 --- [com.alibaba.nacos.client.remote.worker] c.a.n.c.remote.client.grpc.GrpcClient    : grpc client connection server:127.0.0.1 ip,serverPort:9848,grpcTslConfig:{"sslProvider":"OPENSSL","enableTls":false,"mutualAuthEnable":false,"trustAll":false}
2026-03-13T15:55:49.564+08:00 ERROR 39528 --- [com.alibaba.nacos.client.remote.worker] c.a.n.c.remote.client.grpc.GrpcClient    : Server check fail, please check server 127.0.0.1 ,port 9848 is available , error ={}

java.util.concurrent.ExecutionException: com.alibaba.nacos.shaded.io.grpc.StatusRuntimeException: UNAVAILABLE: io exception
	at com.alibaba.nacos.shaded.com.google.common.util.concurrent.AbstractFuture.getDoneValue(AbstractFuture.java:566) ~[nacos-client-2.2.1.jar:na]
	at com.alibaba.nacos.shaded.com.google.common.util.concurrent.AbstractFuture.get(AbstractFuture.java:445) ~[nacos-client-2.2.1.jar:na]
	at com.alibaba.nacos.common.remote.client.grpc.GrpcClient.serverCheck(GrpcClient.java:218) ~[nacos-client-2.2.1.jar:na]
	at com.alibaba.nacos.common.remote.client.grpc.GrpcClient.connectToServer(GrpcClient.java:329) ~[nacos-client-2.2.1.jar:na]
	at com.alibaba.nacos.common.remote.client.RpcClient.reconnect(RpcClient.java:502) ~[nacos-client-2.2.1.jar:na]
	at com.alibaba.nacos.common.remote.client.RpcClient.lambda$start$2(RpcClient.java:343) ~[nacos-client-2.2.1.jar:na]
	at java.base/java.util.concurrent.Executors$RunnableAdapter.call(Executors.java:539) ~[na:na]
	at java.base/java.util.concurrent.FutureTask.run(FutureTask.java:264) ~[na:na]
	at java.base/java.util.concurrent.ScheduledThreadPoolExecutor$ScheduledFutureTask.run(ScheduledThreadPoolExecutor.java:304) ~[na:na]
	at java.base/java.util.concurrent.ThreadPoolExecutor.runWorker(ThreadPoolExecutor.java:1136) ~[na:na]
	at java.base/java.util.concurrent.ThreadPoolExecutor$Worker.run(ThreadPoolExecutor.java:635) ~[na:na]
	at java.base/java.lang.Thread.run(Thread.java:840) ~[na:na]
Caused by: com.alibaba.nacos.shaded.io.grpc.StatusRuntimeException: UNAVAILABLE: io exception
	at com.alibaba.nacos.shaded.io.grpc.Status.asRuntimeException(Status.java:539) ~[nacos-client-2.2.1.jar:na]
	at com.alibaba.nacos.shaded.io.grpc.stub.ClientCalls$UnaryStreamToFuture.onClose(ClientCalls.java:544) ~[nacos-client-2.2.1.jar:na]
	at com.alibaba.nacos.shaded.io.grpc.internal.ClientCallImpl.closeObserver(ClientCallImpl.java:563) ~[nacos-client-2.2.1.jar:na]
	at com.alibaba.nacos.shaded.io.grpc.internal.ClientCallImpl.access$300(ClientCallImpl.java:70) ~[nacos-client-2.2.1.jar:na]
	at com.alibaba.nacos.shaded.io.grpc.internal.ClientCallImpl$ClientStreamListenerImpl$1StreamClosed.runInternal(ClientCallImpl.java:744) ~[nacos-client-2.2.1.jar:na]
	at com.alibaba.nacos.shaded.io.grpc.internal.ClientCallImpl$ClientStreamListenerImpl$1StreamClosed.runInContext(ClientCallImpl.java:723) ~[nacos-client-2.2.1.jar:na]
	at com.alibaba.nacos.shaded.io.grpc.internal.ContextRunnable.run(ContextRunnable.java:37) ~[nacos-client-2.2.1.jar:na]
	at com.alibaba.nacos.shaded.io.grpc.internal.SerializingExecutor.run(SerializingExecutor.java:133) ~[nacos-client-2.2.1.jar:na]
	... 3 common frames omitted
Caused by: com.alibaba.nacos.shaded.io.grpc.netty.shaded.io.netty.channel.AbstractChannel$AnnotatedConnectException: Connection refused: getsockopt: /127.0.0.1:9848
Caused by: java.net.ConnectException: Connection refused: getsockopt
	at java.base/sun.nio.ch.Net.pollConnect(Native Method) ~[na:na]
	at java.base/sun.nio.ch.Net.pollConnectNow(Net.java:672) ~[na:na]
	at java.base/sun.nio.ch.SocketChannelImpl.finishConnect(SocketChannelImpl.java:946) ~[na:na]
	at com.alibaba.nacos.shaded.io.grpc.netty.shaded.io.netty.channel.socket.nio.NioSocketChannel.doFinishConnect(NioSocketChannel.java:337) ~[nacos-client-2.2.1.jar:na]
	at com.alibaba.nacos.shaded.io.grpc.netty.shaded.io.netty.channel.nio.AbstractNioChannel$AbstractNioUnsafe.finishConnect(AbstractNioChannel.java:334) ~[nacos-client-2.2.1.jar:na]
	at com.alibaba.nacos.shaded.io.grpc.netty.shaded.io.netty.channel.nio.NioEventLoop.processSelectedKey(NioEventLoop.java:710) ~[nacos-client-2.2.1.jar:na]
	at com.alibaba.nacos.shaded.io.grpc.netty.shaded.io.netty.channel.nio.NioEventLoop.processSelectedKeysOptimized(NioEventLoop.java:658) ~[nacos-client-2.2.1.jar:na]
	at com.alibaba.nacos.shaded.io.grpc.netty.shaded.io.netty.channel.nio.NioEventLoop.processSelectedKeys(NioEventLoop.java:584) ~[nacos-client-2.2.1.jar:na]
	at com.alibaba.nacos.shaded.io.grpc.netty.shaded.io.netty.channel.nio.NioEventLoop.run(NioEventLoop.java:496) ~[nacos-client-2.2.1.jar:na]
	at com.alibaba.nacos.shaded.io.grpc.netty.shaded.io.netty.util.concurrent.SingleThreadEventExecutor$4.run(SingleThreadEventExecutor.java:997) ~[nacos-client-2.2.1.jar:na]
	at com.alibaba.nacos.shaded.io.grpc.netty.shaded.io.netty.util.internal.ThreadExecutorMap$2.run(ThreadExecutorMap.java:74) ~[nacos-client-2.2.1.jar:na]
	at com.alibaba.nacos.shaded.io.grpc.netty.shaded.io.netty.util.concurrent.FastThreadLocalRunnable.run(FastThreadLocalRunnable.java:30) ~[nacos-client-2.2.1.jar:na]
	at java.base/java.lang.Thread.run(Thread.java:840) ~[na:na]

2026-03-13T15:55:49.564+08:00  INFO 39528 --- [com.alibaba.nacos.client.remote.worker] com.alibaba.nacos.common.remote.client   : [902fb123-8452-43f3-b4d5-aa3097eddab5_config-0] Fail to connect server, after trying 18 times, last try server is {serverIp = '127.0.0.1', server main port = 8848}, error = unknown
2026-03-13T15:55:49.757+08:00  WARN 39528 --- [Thread-1] c.a.n.common.http.HttpClientBeanHolder   : [HttpClientBeanHolder] Start destroying common HttpClient
2026-03-13T15:55:49.758+08:00  WARN 39528 --- [Thread-1] c.a.n.common.http.HttpClientBeanHolder   : [HttpClientBeanHolder] Destruction of the end
2026-03-13T15:55:49.758+08:00  WARN 39528 --- [Thread-6] c.a.nacos.common.notify.NotifyCenter     : [NotifyCenter] Start destroying Publisher
2026-03-13T15:55:49.758+08:00  WARN 39528 --- [Thread-6] c.a.nacos.common.notify.NotifyCenter     : [NotifyCenter] Destruction of the end
2026-03-13T15:55:49.768+08:00  INFO 39528 --- [SpringApplicationShutdownHook] c.a.c.n.registry.NacosServiceRegistry    : De-registering from Nacos Server now...
2026-03-13T15:55:49.768+08:00  WARN 39528 --- [SpringApplicationShutdownHook] c.a.c.n.registry.NacosServiceRegistry    : No dom to de-register for nacos client...
2026-03-13T15:55:49.768+08:00  INFO 39528 --- [SpringApplicationShutdownHook] com.alibaba.nacos.client.naming          : com.alibaba.nacos.client.naming.cache.ServiceInfoHolder do shutdown begin
2026-03-13T15:55:49.768+08:00  INFO 39528 --- [SpringApplicationShutdownHook] com.alibaba.nacos.client.naming          : com.alibaba.nacos.client.naming.backups.FailoverReactor do shutdown begin
2026-03-13T15:55:49.768+08:00  INFO 39528 --- [SpringApplicationShutdownHook] com.alibaba.nacos.client.naming          : com.alibaba.nacos.client.naming.backups.FailoverReactor do shutdown stop
2026-03-13T15:55:49.768+08:00  INFO 39528 --- [SpringApplicationShutdownHook] com.alibaba.nacos.client.naming          : com.alibaba.nacos.client.naming.cache.ServiceInfoHolder do shutdown stop
2026-03-13T15:55:49.768+08:00  INFO 39528 --- [SpringApplicationShutdownHook] com.alibaba.nacos.client.naming          : com.alibaba.nacos.client.naming.remote.NamingClientProxyDelegate do shutdown begin
2026-03-13T15:55:49.768+08:00  INFO 39528 --- [SpringApplicationShutdownHook] com.alibaba.nacos.client.naming          : com.alibaba.nacos.client.naming.core.ServiceInfoUpdateService do shutdown begin
2026-03-13T15:55:49.768+08:00  INFO 39528 --- [SpringApplicationShutdownHook] com.alibaba.nacos.client.naming          : com.alibaba.nacos.client.naming.core.ServiceInfoUpdateService do shutdown stop
2026-03-13T15:55:49.768+08:00  INFO 39528 --- [SpringApplicationShutdownHook] com.alibaba.nacos.client.naming          : com.alibaba.nacos.client.naming.core.ServerListManager do shutdown begin
2026-03-13T15:55:49.768+08:00  WARN 39528 --- [SpringApplicationShutdownHook] com.alibaba.nacos.client.naming          : [NamingHttpClientManager] Start destroying NacosRestTemplate
2026-03-13T15:55:49.768+08:00  WARN 39528 --- [SpringApplicationShutdownHook] com.alibaba.nacos.client.naming          : [NamingHttpClientManager] Destruction of the end
2026-03-13T15:55:49.768+08:00  INFO 39528 --- [SpringApplicationShutdownHook] com.alibaba.nacos.client.naming          : com.alibaba.nacos.client.naming.core.ServerListManager do shutdown stop
2026-03-13T15:55:49.768+08:00  INFO 39528 --- [SpringApplicationShutdownHook] com.alibaba.nacos.client.naming          : com.alibaba.nacos.client.naming.remote.http.NamingHttpClientProxy do shutdown begin
2026-03-13T15:55:49.768+08:00  WARN 39528 --- [SpringApplicationShutdownHook] com.alibaba.nacos.client.naming          : [NamingHttpClientManager] Start destroying NacosRestTemplate
2026-03-13T15:55:49.768+08:00  WARN 39528 --- [SpringApplicationShutdownHook] com.alibaba.nacos.client.naming          : [NamingHttpClientManager] Destruction of the end
2026-03-13T15:55:49.768+08:00  INFO 39528 --- [SpringApplicationShutdownHook] com.alibaba.nacos.client.naming          : com.alibaba.nacos.client.naming.remote.http.NamingHttpClientProxy do shutdown stop
2026-03-13T15:55:49.771+08:00  INFO 39528 --- [SpringApplicationShutdownHook] com.alibaba.nacos.common.remote.client   : Shutdown rpc client, set status to shutdown
2026-03-13T15:55:49.771+08:00  INFO 39528 --- [SpringApplicationShutdownHook] com.alibaba.nacos.common.remote.client   : Shutdown client event executor java.util.concurrent.ScheduledThreadPoolExecutor@725df083[Running, pool size = 2, active threads = 2, queued tasks = 0, completed tasks = 0]
2026-03-13T15:55:49.771+08:00  INFO 39528 --- [SpringApplicationShutdownHook] c.a.n.c.remote.client.grpc.GrpcClient    : Shutdown grpc executor java.util.concurrent.ThreadPoolExecutor@9feb6d1[Running, pool size = 34, active threads = 0, queued tasks = 0, completed tasks = 72]
2026-03-13T15:55:49.771+08:00  INFO 39528 --- [SpringApplicationShutdownHook] com.alibaba.nacos.client.naming          : Shutdown grpc redo service executor java.util.concurrent.ScheduledThreadPoolExecutor@5c8b87e7[Running, pool size = 1, active threads = 0, queued tasks = 1, completed tasks = 3]
2026-03-13T15:55:49.772+08:00  INFO 39528 --- [SpringApplicationShutdownHook] c.a.n.c.a.r.identify.CredentialWatcher   : [null] CredentialWatcher is stopped
2026-03-13T15:55:49.772+08:00  INFO 39528 --- [com.alibaba.nacos.client.remote.worker] com.alibaba.nacos.common.remote.client   : [036434c5-85d9-4974-8e36-e2750985d740] Client is shutdown, stop reconnect to server
2026-03-13T15:55:49.772+08:00  INFO 39528 --- [SpringApplicationShutdownHook] c.a.n.c.a.r.identify.CredentialService   : [null] CredentialService is freed
2026-03-13T15:55:49.772+08:00  INFO 39528 --- [SpringApplicationShutdownHook] com.alibaba.nacos.client.naming          : com.alibaba.nacos.client.naming.remote.NamingClientProxyDelegate do shutdown stop
2026-03-13T15:55:50.837+08:00  INFO 39528 --- [com.alibaba.nacos.client.Worker] c.a.n.c.a.r.identify.CredentialWatcher   : null No credential found
2026-03-13T15:55:51.478+08:00  INFO 39528 --- [com.alibaba.nacos.client.remote.worker] c.a.n.c.remote.client.grpc.GrpcClient    : grpc client connection server:127.0.0.1 ip,serverPort:9848,grpcTslConfig:{"sslProvider":"OPENSSL","enableTls":false,"mutualAuthEnable":false,"trustAll":false}
2026-03-13T15:55:51.542+08:00 ERROR 39528 --- [com.alibaba.nacos.client.remote.worker] c.a.n.c.remote.client.grpc.GrpcClient    : Server check fail, please check server 127.0.0.1 ,port 9848 is available , error ={}

java.util.concurrent.ExecutionException: com.alibaba.nacos.shaded.io.grpc.StatusRuntimeException: UNAVAILABLE: io exception
	at com.alibaba.nacos.shaded.com.google.common.util.concurrent.AbstractFuture.getDoneValue(AbstractFuture.java:566) ~[nacos-client-2.2.1.jar:na]
	at com.alibaba.nacos.shaded.com.google.common.util.concurrent.AbstractFuture.get(AbstractFuture.java:445) ~[nacos-client-2.2.1.jar:na]
	at com.alibaba.nacos.common.remote.client.grpc.GrpcClient.serverCheck(GrpcClient.java:218) ~[nacos-client-2.2.1.jar:na]
	at com.alibaba.nacos.common.remote.client.grpc.GrpcClient.connectToServer(GrpcClient.java:329) ~[nacos-client-2.2.1.jar:na]
	at com.alibaba.nacos.common.remote.client.RpcClient.reconnect(RpcClient.java:502) ~[nacos-client-2.2.1.jar:na]
	at com.alibaba.nacos.common.remote.client.RpcClient.lambda$start$2(RpcClient.java:343) ~[nacos-client-2.2.1.jar:na]
	at java.base/java.util.concurrent.Executors$RunnableAdapter.call(Executors.java:539) ~[na:na]
	at java.base/java.util.concurrent.FutureTask.run(FutureTask.java:264) ~[na:na]
	at java.base/java.util.concurrent.ScheduledThreadPoolExecutor$ScheduledFutureTask.run(ScheduledThreadPoolExecutor.java:304) ~[na:na]
	at java.base/java.util.concurrent.ThreadPoolExecutor.runWorker(ThreadPoolExecutor.java:1136) ~[na:na]
	at java.base/java.util.concurrent.ThreadPoolExecutor$Worker.run(ThreadPoolExecutor.java:635) ~[na:na]
	at java.base/java.lang.Thread.run(Thread.java:840) ~[na:na]
Caused by: com.alibaba.nacos.shaded.io.grpc.StatusRuntimeException: UNAVAILABLE: io exception
	at com.alibaba.nacos.shaded.io.grpc.Status.asRuntimeException(Status.java:539) ~[nacos-client-2.2.1.jar:na]
	at com.alibaba.nacos.shaded.io.grpc.stub.ClientCalls$UnaryStreamToFuture.onClose(ClientCalls.java:544) ~[nacos-client-2.2.1.jar:na]
	at com.alibaba.nacos.shaded.io.grpc.internal.DelayedClientCall$DelayedListener$3.run(DelayedClientCall.java:471) ~[nacos-client-2.2.1.jar:na]
	at com.alibaba.nacos.shaded.io.grpc.internal.DelayedClientCall$DelayedListener.delayOrExecute(DelayedClientCall.java:435) ~[nacos-client-2.2.1.jar:na]
	at com.alibaba.nacos.shaded.io.grpc.internal.DelayedClientCall$DelayedListener.onClose(DelayedClientCall.java:468) ~[nacos-client-2.2.1.jar:na]
	at com.alibaba.nacos.shaded.io.grpc.internal.ClientCallImpl.closeObserver(ClientCallImpl.java:563) ~[nacos-client-2.2.1.jar:na]
	at com.alibaba.nacos.shaded.io.grpc.internal.ClientCallImpl.access$300(ClientCallImpl.java:70) ~[nacos-client-2.2.1.jar:na]
	at com.alibaba.nacos.shaded.io.grpc.internal.ClientCallImpl$ClientStreamListenerImpl$1StreamClosed.runInternal(ClientCallImpl.java:744) ~[nacos-client-2.2.1.jar:na]
	at com.alibaba.nacos.shaded.io.grpc.internal.ClientCallImpl$ClientStreamListenerImpl$1StreamClosed.runInContext(ClientCallImpl.java:723) ~[nacos-client-2.2.1.jar:na]
	at com.alibaba.nacos.shaded.io.grpc.internal.ContextRunnable.run(ContextRunnable.java:37) ~[nacos-client-2.2.1.jar:na]
	at com.alibaba.nacos.shaded.io.grpc.internal.SerializingExecutor.run(SerializingExecutor.java:133) ~[nacos-client-2.2.1.jar:na]
	... 3 common frames omitted
Caused by: com.alibaba.nacos.shaded.io.grpc.netty.shaded.io.netty.channel.AbstractChannel$AnnotatedConnectException: Connection refused: getsockopt: /127.0.0.1:9848
Caused by: java.net.ConnectException: Connection refused: getsockopt
	at java.base/sun.nio.ch.Net.pollConnect(Native Method) ~[na:na]
	at java.base/sun.nio.ch.Net.pollConnectNow(Net.java:672) ~[na:na]
	at java.base/sun.nio.ch.SocketChannelImpl.finishConnect(SocketChannelImpl.java:946) ~[na:na]
	at com.alibaba.nacos.shaded.io.grpc.netty.shaded.io.netty.channel.socket.nio.NioSocketChannel.doFinishConnect(NioSocketChannel.java:337) ~[nacos-client-2.2.1.jar:na]
	at com.alibaba.nacos.shaded.io.grpc.netty.shaded.io.netty.channel.nio.AbstractNioChannel$AbstractNioUnsafe.finishConnect(AbstractNioChannel.java:334) ~[nacos-client-2.2.1.jar:na]
	at com.alibaba.nacos.shaded.io.grpc.netty.shaded.io.netty.channel.nio.NioEventLoop.processSelectedKey(NioEventLoop.java:710) ~[nacos-client-2.2.1.jar:na]
	at com.alibaba.nacos.shaded.io.grpc.netty.shaded.io.netty.channel.nio.NioEventLoop.processSelectedKeysOptimized(NioEventLoop.java:658) ~[nacos-client-2.2.1.jar:na]
	at com.alibaba.nacos.shaded.io.grpc.netty.shaded.io.netty.channel.nio.NioEventLoop.processSelectedKeys(NioEventLoop.java:584) ~[nacos-client-2.2.1.jar:na]
	at com.alibaba.nacos.shaded.io.grpc.netty.shaded.io.netty.channel.nio.NioEventLoop.run(NioEventLoop.java:496) ~[nacos-client-2.2.1.jar:na]
	at com.alibaba.nacos.shaded.io.grpc.netty.shaded.io.netty.util.concurrent.SingleThreadEventExecutor$4.run(SingleThreadEventExecutor.java:997) ~[nacos-client-2.2.1.jar:na]
	at com.alibaba.nacos.shaded.io.grpc.netty.shaded.io.netty.util.internal.ThreadExecutorMap$2.run(ThreadExecutorMap.java:74) ~[nacos-client-2.2.1.jar:na]
	at com.alibaba.nacos.shaded.io.grpc.netty.shaded.io.netty.util.concurrent.FastThreadLocalRunnable.run(FastThreadLocalRunnable.java:30) ~[nacos-client-2.2.1.jar:na]
	at java.base/java.lang.Thread.run(Thread.java:840) ~[na:na]

2026-03-13T15:55:51.543+08:00  INFO 39528 --- [com.alibaba.nacos.client.remote.worker] com.alibaba.nacos.common.remote.client   : [902fb123-8452-43f3-b4d5-aa3097eddab5_config-0] Fail to connect server, after trying 19 times, last try server is {serverIp = '127.0.0.1', server main port = 8848}, error = unknown
